Issue_ID,Fixing_Duration_Days,Comments,Body_Length,Priority_Score,Magnitude,Resolution_Class
318058,0.18,1,594,11.0,Negligible,1
317869,0.05,0,379,4.0,Negligible,1
317787,0.06,1,9180,97.0,Negligible,1
317763,2.61,2,3186,42.0,Negligible,1
317714,0.67,7,14110,100.0,Negligible,1
317643,1.47,0,2104,21.0,Negligible,1
317574,0.03,2,3781,48.0,Negligible,1
317567,0.93,0,483,5.0,Negligible,1
317566,0.13,0,2955,30.0,Negligible,1
317520,0.41,0,291,3.0,Negligible,1
317413,1.07,0,493,5.0,Negligible,1
317357,1.32,0,868,9.0,Negligible,1
317356,1.25,1,933,14.0,Negligible,1
317355,0.49,0,977,10.0,Negligible,1
317331,1.36,0,1672,17.0,Negligible,1
317330,1.42,0,1486,15.0,Negligible,1
317328,0.01,2,1452,25.0,Negligible,1
317210,3.0,1,371,9.0,Negligible,1
317181,1.65,0,1318,13.0,Negligible,1
317179,2.71,1,461,10.0,Negligible,1
317137,3.07,0,1058,11.0,Negligible,1
317102,0.95,1,401,9.0,Negligible,1
317094,0.04,0,285,3.0,Negligible,1
317091,0.46,1,822,13.0,Negligible,1
317090,0.08,0,325,3.0,Negligible,1
317075,1.56,0,243,2.0,Negligible,1
317073,2.25,2,276,13.0,Negligible,1
317038,2.65,1,147,6.0,Negligible,1
317017,0.4,0,455,5.0,Negligible,1
316968,2.54,2,411,14.0,Negligible,1
316802,0.04,0,130,1.0,Negligible,1
316799,0.04,0,130,1.0,Negligible,1
316781,7.78,3,2413,39.0,Negligible,1
316779,7.23,14,4432,100.0,Moderate,1
316689,0.09,0,301,3.0,Negligible,1
316675,0.09,0,228,2.0,Negligible,1
316643,4.08,7,373,39.0,Negligible,1
316627,6.95,3,8750,100.0,Negligible,1
316544,5.89,1,9823,100.0,Negligible,1
316543,7.09,0,249,2.0,Negligible,1
316538,5.88,0,441,4.0,Negligible,1
316536,0.71,1,1931,24.0,Negligible,1
316509,0.8,2,939,19.0,Negligible,1
316445,4.33,2,1226,22.0,Negligible,1
316446,4.94,5,3213,57.0,Negligible,1
316443,3.68,1,3542,40.0,Negligible,1
316441,0.05,1,1894,24.0,Negligible,1
316438,4.23,0,1894,19.0,Negligible,1
316426,4.02,1,3790,43.0,Negligible,1
316420,0.05,0,3806,38.0,Negligible,1
316333,0.0,1,8910,94.0,Negligible,1
316320,1.86,0,172,2.0,Negligible,1
316223,2.5,11,3917,94.0,Negligible,1
316217,1.37,16,700,87.0,Negligible,1
316187,2.78,2,583,16.0,Negligible,1
316182,0.11,1,558,11.0,Negligible,1
316146,8.54,2,3677,47.0,Negligible,1
316129,0.86,0,3685,37.0,Negligible,1
316116,10.77,8,627,46.0,Moderate,1
316086,1.24,4,592,26.0,Negligible,1
316061,0.12,1,131,6.0,Negligible,1
316035,1.29,1,2765,33.0,Negligible,1
316034,0.99,1,6999,75.0,Negligible,1
316033,1.01,1,1429,19.0,Negligible,1
316031,0.19,1,3051,36.0,Negligible,1
316030,7.03,8,1204,52.0,Moderate,1
315971,0.4,0,2650,26.0,Negligible,1
315937,0.88,1,201,7.0,Negligible,1
315936,2.06,2,70,11.0,Negligible,1
315934,2.97,1,221,7.0,Negligible,1
315899,0.68,0,366,4.0,Negligible,1
315894,3.04,1,186,7.0,Negligible,1
315871,0.21,1,147,6.0,Negligible,1
315840,6.19,0,514,5.0,Negligible,1
315838,1.01,1,540,10.0,Negligible,1
315836,6.2,0,148,1.0,Negligible,1
315810,0.33,1,196,7.0,Negligible,1
315804,0.92,2,147,11.0,Negligible,1
315795,1.06,3,328,18.0,Negligible,1
315793,1.1,2,274,13.0,Negligible,1
315789,1.37,2,737,17.0,Negligible,1
315788,0.17,2,251,13.0,Negligible,1
315785,3.26,1,239,7.0,Negligible,1
315775,8.35,1,305,8.0,Negligible,1
315771,4.0,2,373,14.0,Negligible,1
315753,8.81,2,131,11.0,Negligible,1
315736,3.49,2,1314,23.0,Negligible,1
315733,0.22,4,257,23.0,Negligible,1
315729,2.27,1,2629,31.0,Negligible,1
315722,0.25,1,6270,68.0,Negligible,1
315717,1.67,1,236,7.0,Negligible,1
315711,6.32,0,147,1.0,Negligible,1
315704,0.79,1,4961,55.0,Negligible,1
315702,1.55,0,116,1.0,Negligible,1
315698,1.68,2,880,19.0,Negligible,1
315690,0.84,1,151,7.0,Negligible,1
315645,0.47,0,3491,35.0,Negligible,1
315639,2.67,1,584,11.0,Negligible,1
315635,1.22,0,377,4.0,Negligible,1
315623,0.01,1,1058,16.0,Negligible,1
315616,0.21,0,742,7.0,Negligible,1
315612,0.26,1,2935,34.0,Negligible,1
315592,0.04,0,176,2.0,Negligible,1
315581,0.07,0,200,2.0,Negligible,1
315548,0.06,0,59,1.0,Negligible,1
315536,0.0,0,86,1.0,Negligible,1
315526,2.52,6,45460,100.0,Negligible,1
315476,2.01,0,2585,26.0,Negligible,1
315448,2.39,3,6230,77.0,Negligible,1
315423,0.21,0,164,2.0,Negligible,1
315408,4.28,2,1156,22.0,Negligible,1
315381,0.03,0,2473,25.0,Negligible,1
315379,2.25,1,563,11.0,Negligible,1
315373,11.67,3,1859,34.0,Negligible,1
315361,4.8,4,549,25.0,Negligible,1
315340,0.02,0,510,5.0,Negligible,1
315338,3.92,3,357,19.0,Negligible,1
315329,3.06,2,412,14.0,Negligible,1
315325,2.94,5,238,27.0,Negligible,1
315322,0.08,1,81,6.0,Negligible,1
315293,4.01,2,2883,39.0,Negligible,1
315290,0.27,2,8110,91.0,Negligible,1
315289,1.16,0,3389,34.0,Negligible,1
315282,10.62,3,6485,80.0,Negligible,1
315243,3.17,5,4275,68.0,Negligible,1
315176,0.02,0,193,2.0,Negligible,1
315171,0.83,1,3863,44.0,Negligible,1
315168,3.62,0,2749,27.0,Negligible,1
315126,7.08,1,318,8.0,Negligible,1
315094,6.82,1,4745,52.0,Negligible,1
315092,0.08,2,551,16.0,Negligible,1
315083,0.08,0,175,2.0,Negligible,1
315059,4.36,0,129,1.0,Negligible,1
315038,4.71,2,1138,21.0,Negligible,1
315026,0.23,0,216,2.0,Negligible,1
315010,0.46,1,371,9.0,Negligible,1
314986,6.82,45,1249,100.0,Negligible,1
314949,11.53,2,1617,26.0,Negligible,1
314909,15.16,0,335,3.0,Negligible,2
314908,0.74,1,130,6.0,Negligible,1
314897,0.06,0,7756,78.0,Negligible,1
314889,6.66,0,131,1.0,Negligible,1
314880,0.01,1,15,5.0,Negligible,1
314867,1.58,4,217,22.0,Negligible,1
314850,7.83,3,262,18.0,Negligible,1
314849,9.04,6,380,34.0,Moderate,1
314839,0.46,1,202,7.0,Negligible,1
314835,0.15,1,166,7.0,Negligible,1
314834,2.06,1,292,8.0,Negligible,1
314827,5.09,0,131,1.0,Negligible,1
314824,1.26,0,181,2.0,Negligible,1
314821,0.17,3,1168,27.0,Negligible,1
314817,0.76,6,1501,45.0,Negligible,1
314812,8.22,2,264,13.0,Negligible,1
314807,8.54,1,92,6.0,Negligible,1
314804,6.99,2,5661,67.0,Negligible,1
314791,7.11,3,671,22.0,Negligible,1
314734,0.07,1,354,9.0,Negligible,1
314733,0.08,2,529,15.0,Negligible,1
314731,0.76,0,200,2.0,Negligible,1
314717,0.13,0,4028,40.0,Negligible,1
314708,2.44,3,1328,28.0,Negligible,1
314699,17.04,2,377,14.0,Negligible,2
314691,1.71,0,48,0.0,Negligible,1
314669,4.37,2,435,14.0,Negligible,1
314668,0.04,0,485,5.0,Negligible,1
314645,0.01,0,180,2.0,Negligible,1
314587,0.06,0,370,4.0,Negligible,1
314586,0.04,0,0,0.0,Negligible,1
314558,0.37,0,333,3.0,Negligible,1
314557,1.97,0,407,4.0,Negligible,1
314536,9.91,2,1380,24.0,Negligible,1
314519,1.63,2,130,11.0,Negligible,1
314439,0.33,0,678,7.0,Negligible,1
314436,2.45,0,423,4.0,Negligible,1
314426,0.1,0,334,3.0,Negligible,1
314419,3.21,37,1008,100.0,Negligible,1
314395,7.22,4,422,24.0,Moderate,1
314385,0.05,0,1599,16.0,Negligible,1
314352,7.36,0,1250,12.0,Negligible,1
314327,0.02,0,290,3.0,Negligible,1
314312,0.7,3,446,19.0,Negligible,1
314276,6.0,2,200,12.0,Negligible,1
314246,18.59,3,268,18.0,Negligible,2
314239,0.06,2,370,14.0,Negligible,1
314207,0.15,4,147,21.0,Negligible,1
314205,0.14,1,231,7.0,Negligible,1
314184,2.4,1,2545,30.0,Negligible,1
314175,0.12,0,262,3.0,Negligible,1
314173,1.92,2,250,12.0,Negligible,1
314172,3.14,1,225,7.0,Negligible,1
314157,3.18,1,202,7.0,Negligible,1
314156,3.18,1,162,7.0,Negligible,1
314153,0.26,1,271,8.0,Negligible,1
314152,0.25,0,364,4.0,Negligible,1
314147,0.27,0,160,2.0,Negligible,1
314146,0.32,0,372,4.0,Negligible,1
314143,3.21,1,547,10.0,Negligible,1
314140,3.22,1,248,7.0,Negligible,1
314139,0.04,1,202,7.0,Negligible,1
314124,0.29,2,4517,55.0,Negligible,1
314107,8.7,5,129,26.0,Moderate,1
314089,3.14,1,567,11.0,Negligible,1
314057,0.68,0,295,3.0,Negligible,1
314052,0.12,0,172,2.0,Negligible,1
314051,10.61,4,281,23.0,Moderate,1
314049,0.04,1,227,7.0,Negligible,1
314047,10.62,4,228,22.0,Moderate,1
314045,0.99,2,284,13.0,Negligible,1
314043,0.18,1,725,12.0,Negligible,1
314035,0.47,1,1578,21.0,Negligible,1
313934,0.0,1,168,7.0,Negligible,1
313903,0.95,1,86,6.0,Negligible,1
313890,0.17,2,2277,33.0,Negligible,1
313865,6.69,4,1019,30.0,Negligible,1
313859,1.48,2,3224,42.0,Negligible,1
313842,6.68,5,3783,63.0,Negligible,1
313784,6.96,3,176,17.0,Negligible,1
313752,21.47,1,1893,24.0,Negligible,2
313734,18.42,3,2933,44.0,Negligible,2
313661,6.98,0,275,3.0,Negligible,1
313657,0.05,0,242,2.0,Negligible,1
313645,0.66,0,137,1.0,Negligible,1
313642,0.04,4,311,23.0,Negligible,1
313609,0.1,2,207,12.0,Negligible,1
313585,6.08,0,5016,50.0,Negligible,1
313570,0.41,37,1181,100.0,Negligible,1
313556,5.32,2,549,15.0,Negligible,1
313512,0.19,1,246,7.0,Negligible,1
313511,0.1,1,79,6.0,Negligible,1
313459,16.15,4,4383,64.0,Moderate,2
313424,0.05,3,129,16.0,Negligible,1
313413,1.74,6,2453,55.0,Negligible,1
313390,1.15,1,275,8.0,Negligible,1
313387,0.08,2,1359,24.0,Negligible,1
313385,0.05,0,797,8.0,Negligible,1
313373,0.01,0,1180,12.0,Negligible,1
313361,0.02,1,1598,21.0,Negligible,1
313360,3.78,1,2808,33.0,Negligible,1
313355,2.03,3,134,16.0,Negligible,1
313309,0.29,0,287,3.0,Negligible,1
313307,0.25,1,339,8.0,Negligible,1
313305,0.44,0,311,3.0,Negligible,1
313300,0.26,1,343,8.0,Negligible,1
313296,0.08,0,3362,34.0,Negligible,1
313290,0.32,3,347,18.0,Negligible,1
313288,0.04,2,341,13.0,Negligible,1
313286,0.28,0,337,3.0,Negligible,1
313285,0.04,0,242,2.0,Negligible,1
313284,0.04,0,266,3.0,Negligible,1
313273,0.0,0,1106,11.0,Negligible,1
313268,7.79,3,1320,28.0,Negligible,1
313263,2.02,1,5367,59.0,Negligible,1
313248,0.05,1,3434,39.0,Negligible,1
313172,0.57,7,4017,75.0,Negligible,1
313166,1.05,3,291,18.0,Negligible,1
313104,8.15,3,222,17.0,Negligible,1
313074,0.85,4,8097,100.0,Negligible,1
313069,9.16,4,79,21.0,Moderate,1
313046,8.73,2,3017,40.0,Negligible,1
313043,2.18,3,1780,33.0,Negligible,1
313042,5.83,2,7007,80.0,Negligible,1
313033,1.04,2,469,15.0,Negligible,1
312964,0.45,1,3754,43.0,Negligible,1
312939,16.75,1,5381,59.0,Negligible,2
312914,15.3,2,425,14.0,Negligible,2
312899,1.92,1,967,15.0,Negligible,1
312872,0.09,1,93,6.0,Negligible,1
312866,0.11,3,2275,38.0,Negligible,1
312853,0.08,1,2036,25.0,Negligible,1
312847,0.53,1,226,7.0,Negligible,1
312831,0.17,2,562,16.0,Negligible,1
312817,1.06,1,1159,17.0,Negligible,1
312813,6.56,6,2423,54.0,Negligible,1
312811,0.0,3,1379,29.0,Negligible,1
312809,0.27,5,1497,40.0,Negligible,1
312805,16.03,5,2030,45.0,Moderate,2
312803,1.11,2,7297,83.0,Negligible,1
312792,0.8,3,8666,100.0,Negligible,1
312790,0.06,2,3276,43.0,Negligible,1
312788,9.09,4,4136,61.0,Moderate,1
312779,3.33,6,3604,66.0,Negligible,1
312720,0.15,9,3025,75.0,Negligible,1
312713,0.2,1,192,7.0,Negligible,1
312671,1.68,1,1097,16.0,Negligible,1
312622,2.87,0,2106,21.0,Negligible,1
312600,1.17,3,2084,36.0,Negligible,1
312576,3.44,3,451,20.0,Negligible,1
312554,3.14,16,637,86.0,Negligible,1
312467,0.27,0,1677,17.0,Negligible,1
312434,11.8,2,1468,25.0,Negligible,1
312413,4.74,3,3103,46.0,Negligible,1
312405,0.08,1,1440,19.0,Negligible,1
312403,23.94,0,1769,18.0,Negligible,2
312381,24.89,6,2970,60.0,Moderate,2
312367,0.65,3,2020,35.0,Negligible,1
312361,3.04,2,2204,32.0,Negligible,1
312339,0.32,2,1920,29.0,Negligible,1
312325,3.43,0,154,2.0,Negligible,1
312281,0.14,1,1322,18.0,Negligible,1
312260,0.15,1,2107,26.0,Negligible,1
312163,0.69,0,506,5.0,Negligible,1
312148,0.16,2,4255,53.0,Negligible,1
312098,13.62,5,1470,40.0,Moderate,1
312059,0.06,1,606,11.0,Negligible,1
312009,20.87,5,269,28.0,Moderate,2
312008,22.11,2,1024,20.0,Negligible,2
311987,6.8,0,533,5.0,Negligible,1
311985,15.76,1,141,6.0,Negligible,2
311946,2.1,5,1815,43.0,Negligible,1
311922,7.62,7,737,42.0,Moderate,1
311862,0.67,1,12505,100.0,Negligible,1
311821,21.58,5,3415,59.0,Moderate,2
311757,2.2,0,2755,28.0,Negligible,1
311722,6.21,3,3859,54.0,Negligible,1
311713,8.06,3,1991,35.0,Negligible,1
311709,0.4,0,359,4.0,Negligible,1
311687,6.4,6,197,32.0,Negligible,1
311634,0.04,0,129,1.0,Negligible,1
311631,8.25,1,1610,21.0,Negligible,1
311610,0.44,1,107,6.0,Negligible,1
311587,9.98,0,2251,23.0,Negligible,1
311586,9.98,2,2132,31.0,Negligible,1
311584,9.98,0,1185,12.0,Negligible,1
311583,9.98,0,1329,13.0,Negligible,1
311582,2.89,4,1420,34.0,Negligible,1
311578,0.02,1,680,12.0,Negligible,1
311577,0.02,1,481,10.0,Negligible,1
311576,0.02,1,546,10.0,Negligible,1
311575,0.02,1,814,13.0,Negligible,1
311574,0.02,3,629,21.0,Negligible,1
311566,0.0,1,9807,100.0,Negligible,1
311565,0.0,1,9807,100.0,Negligible,1
311564,0.0,1,9807,100.0,Negligible,1
311563,0.0,1,9807,100.0,Negligible,1
311562,0.0,1,9807,100.0,Negligible,1
311561,1.02,1,9807,100.0,Negligible,1
311556,0.0,1,1793,23.0,Negligible,1
311555,0.0,1,10173,100.0,Negligible,1
311554,0.0,1,1862,24.0,Negligible,1
311553,0.0,1,3760,43.0,Negligible,1
311552,0.0,1,9960,100.0,Negligible,1
311548,17.85,1,3760,43.0,Negligible,2
311546,0.06,2,7975,90.0,Negligible,1
311545,0.06,2,7975,90.0,Negligible,1
311544,0.06,3,7975,95.0,Negligible,1
311543,0.06,2,7975,90.0,Negligible,1
311510,0.06,0,174,2.0,Negligible,1
311504,2.04,2,226,12.0,Negligible,1
311496,0.72,3,7636,91.0,Negligible,1
311476,7.9,4,380,24.0,Moderate,1
311470,1.79,2,2384,34.0,Negligible,1
311462,1.1,6,5433,84.0,Negligible,1
311454,0.12,2,174,12.0,Negligible,1
311452,6.04,1,147,6.0,Negligible,1
311448,0.29,0,372,4.0,Negligible,1
311426,0.12,1,111,6.0,Negligible,1
311390,1.46,3,317,18.0,Negligible,1
311383,0.35,0,239,2.0,Negligible,1
311379,1.48,2,287,13.0,Negligible,1
311340,0.3,0,256,3.0,Negligible,1
311310,0.69,0,302,3.0,Negligible,1
311308,0.47,0,317,3.0,Negligible,1
311292,25.52,3,2663,42.0,Negligible,2
311267,26.78,6,2756,58.0,Moderate,2
311246,1.51,0,245,2.0,Negligible,1
311245,0.03,1,165,7.0,Negligible,1
311204,0.7,0,258,3.0,Negligible,1
311202,4.72,5,393,29.0,Negligible,1
311200,10.74,2,125,11.0,Negligible,1
311187,11.44,4,931,29.0,Moderate,1
311167,30.27,2,1922,29.0,Negligible,2
311149,0.66,0,1705,17.0,Negligible,1
311138,5.95,1,2446,29.0,Negligible,1
311121,9.75,1,3093,36.0,Negligible,1
311117,10.76,0,132,1.0,Negligible,1
311100,1.98,1,176,7.0,Negligible,1
311096,13.84,1,3598,41.0,Negligible,1
311074,0.03,0,1162,12.0,Negligible,1
311069,0.04,0,334,3.0,Negligible,1
311043,3.24,2,232,12.0,Negligible,1
310962,4.2,0,884,9.0,Negligible,1
310949,12.85,2,509,15.0,Negligible,1
310897,6.89,1,220,7.0,Negligible,1
310886,12.7,10,182,52.0,Moderate,1
310756,8.33,3,6196,77.0,Negligible,1
310755,0.06,1,1184,17.0,Negligible,1
310754,8.33,2,6196,72.0,Negligible,1
310753,5.04,1,1184,17.0,Negligible,1
310752,3.75,4,3989,60.0,Negligible,1
310751,0.66,3,4101,56.0,Negligible,1
310748,1.31,2,2762,38.0,Negligible,1
310371,1.23,4,3322,53.0,Negligible,1
310370,1.23,5,3892,64.0,Negligible,1
310369,1.23,3,3512,50.0,Negligible,1
310368,19.31,5,7506,100.0,Moderate,2
310367,0.64,2,3738,47.0,Negligible,1
310365,1.23,5,6938,94.0,Negligible,1
310364,1.23,4,3656,57.0,Negligible,1
310357,8.93,4,5183,72.0,Moderate,1
310356,0.9,1,2715,32.0,Negligible,1
310173,0.14,0,703,7.0,Negligible,1
310143,1.26,4,2509,45.0,Negligible,1
310087,10.17,2,4477,55.0,Negligible,1
310046,0.65,2,2714,37.0,Negligible,1
310045,19.54,2,2488,35.0,Negligible,2
309984,0.44,2,372,14.0,Negligible,1
309923,0.94,2,6221,72.0,Negligible,1
309921,0.94,2,4114,51.0,Negligible,1
309920,0.18,4,1162,32.0,Negligible,1
309919,1.06,6,3312,63.0,Negligible,1
309906,3.08,1,3338,38.0,Negligible,1
309891,19.82,6,3190,62.0,Moderate,2
309867,30.28,1,339,8.0,Negligible,2
309843,8.21,0,747,7.0,Negligible,1
309731,3.32,1,129,6.0,Negligible,1
309684,1.66,2,10506,100.0,Negligible,1
309682,0.93,2,1484,25.0,Negligible,1
309659,30.92,0,678,7.0,Negligible,2
309650,0.4,0,207,2.0,Negligible,1
309623,1.95,3,277,18.0,Negligible,1
309613,1.96,1,204,7.0,Negligible,1
309608,0.78,3,1821,33.0,Negligible,1
309607,0.85,0,188,2.0,Negligible,1
309601,34.77,0,148,1.0,Negligible,2
309597,34.72,1,279,8.0,Negligible,2
309590,0.33,2,899,19.0,Negligible,1
309589,0.82,3,177,17.0,Negligible,1
309585,2.95,1,406,9.0,Negligible,1
309576,0.02,1,1111,16.0,Negligible,1
309568,0.08,0,1002,10.0,Negligible,1
309557,0.25,2,145,11.0,Negligible,1
309552,6.2,4,894,29.0,Negligible,1
309549,1.56,3,1031,25.0,Negligible,1
309547,0.14,3,9127,100.0,Negligible,1
309535,6.73,2,406,14.0,Negligible,1
309530,0.03,2,3299,43.0,Negligible,1
309529,1.08,4,288,23.0,Negligible,1
309527,1.94,2,2548,35.0,Negligible,1
309525,1.08,0,274,3.0,Negligible,1
309524,7.16,5,3419,59.0,Moderate,1
309523,0.08,1,2397,29.0,Negligible,1
309521,1.08,2,350,14.0,Negligible,1
309511,2.4,1,1128,16.0,Negligible,1
309510,9.28,1,1436,19.0,Negligible,1
309505,4.06,0,146,1.0,Negligible,1
309487,7.96,3,198,17.0,Negligible,1
309476,0.22,1,321,8.0,Negligible,1
309475,0.22,1,230,7.0,Negligible,1
309472,1.02,3,279,18.0,Negligible,1
309439,0.71,1,148,6.0,Negligible,1
309428,0.72,3,282,18.0,Negligible,1
309424,0.18,3,270,18.0,Negligible,1
309416,0.73,2,435,14.0,Negligible,1
309401,1.25,0,221,2.0,Negligible,1
309386,0.64,1,252,8.0,Negligible,1
309377,0.65,2,516,15.0,Negligible,1
309350,1.06,1,826,13.0,Negligible,1
309316,2.84,2,2085,31.0,Negligible,1
309315,33.81,13,2085,86.0,Extreme,2
309283,3.45,2,11059,100.0,Negligible,1
309281,11.9,2,5751,68.0,Negligible,1
309166,14.87,9,6432,100.0,Moderate,2
309130,0.92,3,4033,55.0,Negligible,1
309128,2.67,2,6966,80.0,Negligible,1
309129,1.18,3,3100,46.0,Negligible,1
309120,2.12,5,4131,66.0,Negligible,1
309115,25.05,2,1669,27.0,Negligible,2
309103,9.4,6,305,33.0,Moderate,1
309042,6.8,1,7067,76.0,Negligible,1
308946,0.48,1,2325,28.0,Negligible,1
308895,3.43,2,91,11.0,Negligible,1
308865,35.95,4,1955,40.0,Moderate,2
308848,0.52,0,557,6.0,Negligible,1
308829,0.94,2,3424,44.0,Negligible,1
308813,1.17,4,117,21.0,Negligible,1
308795,4.62,1,10368,100.0,Negligible,1
308788,0.02,1,250,8.0,Negligible,1
308785,0.45,0,131,1.0,Negligible,1
308665,12.37,8,1210,52.0,Moderate,1
308627,0.65,3,12287,100.0,Negligible,1
308610,8.79,6,429,34.0,Moderate,1
308596,0.72,0,678,7.0,Negligible,1
308578,43.75,11,3412,89.0,Extreme,2
308563,35.23,4,4259,63.0,Moderate,2
308551,9.12,5,512,30.0,Moderate,1
308534,13.35,6,8535,100.0,Moderate,1
308506,5.55,6,635,36.0,Negligible,1
308483,0.07,0,1317,13.0,Negligible,1
308405,2.61,9,2905,74.0,Negligible,1
308329,0.91,1,708,12.0,Negligible,1
308260,0.97,1,454,10.0,Negligible,1
308258,0.97,1,535,10.0,Negligible,1
308231,8.47,1,11426,100.0,Negligible,1
308193,39.16,15,3503,100.0,Extreme,2
308103,1.45,1,1318,18.0,Negligible,1
308079,0.11,3,1069,26.0,Negligible,1
308078,0.03,1,1138,16.0,Negligible,1
308060,0.05,1,130,6.0,Negligible,1
308053,0.12,3,2671,42.0,Negligible,1
308050,9.31,7,2521,60.0,Moderate,1
308048,28.2,9,764,53.0,Moderate,2
308043,1.45,4,224,22.0,Negligible,1
308037,0.21,11,665,62.0,Negligible,1
308034,0.17,3,299,18.0,Negligible,1
308030,3.03,7,565,41.0,Negligible,1
308018,1.21,0,422,4.0,Negligible,1
308017,11.3,1,690,12.0,Negligible,1
308012,11.31,0,276,3.0,Negligible,1
308005,29.32,0,276,3.0,Negligible,2
308004,7.6,6,130,31.0,Moderate,1
307997,1.43,4,251,23.0,Negligible,1
307977,25.22,1,4848,53.0,Negligible,2
307965,8.25,2,597,16.0,Negligible,1
307933,0.07,0,1146,11.0,Negligible,1
307920,8.5,1,151,7.0,Negligible,1
307898,3.19,2,971,20.0,Negligible,1
307814,11.55,4,2676,47.0,Moderate,1
307807,1.55,0,7875,79.0,Negligible,1
307790,12.17,4,472,25.0,Moderate,1
307752,2.77,7,4393,79.0,Negligible,1
307751,12.1,1,963,15.0,Negligible,1
307735,32.01,2,1450,24.0,Negligible,2
307731,0.02,0,232,2.0,Negligible,1
307723,25.62,11,15437,100.0,Moderate,2
307700,2.95,4,300,23.0,Negligible,1
307698,12.16,4,229,22.0,Moderate,1
307691,10.96,1,2981,35.0,Negligible,1
307687,13.18,2,7952,90.0,Negligible,1
307671,16.37,2,444,14.0,Negligible,2
307654,12.44,2,15290,100.0,Negligible,1
307649,13.14,3,460,20.0,Negligible,1
307638,4.32,2,182,12.0,Negligible,1
307581,28.41,5,2004,45.0,Moderate,2
307571,6.66,4,169,22.0,Negligible,1
307569,3.63,2,173,12.0,Negligible,1
307567,2.87,0,380,4.0,Negligible,1
307564,14.49,4,3336,53.0,Moderate,2
307563,3.61,1,3336,38.0,Negligible,1
307562,11.76,5,7119,96.0,Moderate,1
307543,5.64,1,129,6.0,Negligible,1
307515,0.04,0,349,3.0,Negligible,1
307492,11.62,1,5389,59.0,Negligible,1
307489,4.0,0,3164,32.0,Negligible,1
307483,41.02,1,209,7.0,Negligible,2
307450,18.18,1,1584,21.0,Negligible,2
307428,13.45,12,2804,88.0,Moderate,1
307412,13.53,4,2670,47.0,Moderate,1
307408,0.32,2,2064,31.0,Negligible,1
307401,4.21,2,2283,33.0,Negligible,1
307373,13.71,3,2635,41.0,Negligible,1
307356,0.49,2,1862,29.0,Negligible,1
307355,4.31,1,1242,17.0,Negligible,1
307298,5.79,1,584,11.0,Negligible,1
307297,5.63,2,297,13.0,Negligible,1
307283,0.61,3,743,22.0,Negligible,1
307279,46.82,2,809,18.0,Negligible,2
307276,0.31,1,130,6.0,Negligible,1
307227,0.0,0,504,5.0,Negligible,1
307217,0.1,2,1670,27.0,Negligible,1
307210,15.74,3,754,23.0,Negligible,2
307208,7.96,4,2420,44.0,Moderate,1
307207,14.36,3,1726,32.0,Negligible,2
307173,13.12,0,48,0.0,Negligible,1
307154,8.5,3,2639,41.0,Negligible,1
307123,15.85,1,210,7.0,Negligible,2
307118,5.67,1,209,7.0,Negligible,1
307109,1.2,10,550,56.0,Negligible,1
307067,21.52,1,9627,100.0,Negligible,2
306995,15.05,10,2556,76.0,Moderate,2
306991,12.19,2,520,15.0,Negligible,1
306975,6.43,4,469,25.0,Negligible,1
306971,19.67,10,298,53.0,Moderate,2
306960,19.14,2,707,17.0,Negligible,2
306923,2.01,2,6185,72.0,Negligible,1
306911,20.7,2,7075,81.0,Negligible,2
306906,2.06,1,140,6.0,Negligible,1
306896,10.72,2,2349,33.0,Negligible,1
306887,2.1,4,461,25.0,Negligible,1
306883,2.29,2,1003,20.0,Negligible,1
306868,20.52,1,2508,30.0,Negligible,2
306845,0.19,2,229,12.0,Negligible,1
306810,0.63,1,279,8.0,Negligible,1
306800,14.88,2,5626,66.0,Negligible,2
306798,7.06,1,2921,34.0,Negligible,1
306729,0.21,46,3095,100.0,Negligible,1
306706,8.08,0,1036,10.0,Negligible,1
306652,1.05,1,93,6.0,Negligible,1
308360,15.91,6,3197,62.0,Moderate,2
306552,0.0,1,341,8.0,Negligible,1
306550,1.0,0,4297,43.0,Negligible,1
306531,0.23,1,246,7.0,Negligible,1
306530,0.32,0,568,6.0,Negligible,1
306528,1.7,0,196,2.0,Negligible,1
306522,23.76,1,277,8.0,Negligible,2
306513,1.95,2,218,12.0,Negligible,1
306486,16.21,1,2570,31.0,Negligible,2
306471,2.0,3,130,16.0,Negligible,1
306470,14.63,3,3897,54.0,Negligible,2
306448,0.23,1,285,8.0,Negligible,1
306432,7.84,3,208,17.0,Negligible,1
306425,7.69,2,216,12.0,Negligible,1
306423,8.78,0,132,1.0,Negligible,1
306416,10.75,0,198,2.0,Negligible,1
306412,1.92,0,386,4.0,Negligible,1
306401,1.05,5,597,31.0,Negligible,1
306384,0.11,0,131,1.0,Negligible,1
306361,7.89,1,434,9.0,Negligible,1
306278,11.8,3,510,20.0,Negligible,1
306269,3.13,1,9197,97.0,Negligible,1
306264,22.21,5,705,32.0,Moderate,2
306250,0.27,0,439,4.0,Negligible,1
306249,2.13,1,306,8.0,Negligible,1
306229,7.52,18,1552,100.0,Moderate,1
306213,1.72,0,299,3.0,Negligible,1
306212,1.27,2,2928,39.0,Negligible,1
306194,17.03,2,2857,39.0,Negligible,2
306143,0.92,3,1695,32.0,Negligible,1
306138,1.01,3,174,17.0,Negligible,1
306091,0.43,1,3267,38.0,Negligible,1
306056,9.37,5,484,30.0,Moderate,1
306030,4.78,1,3152,37.0,Negligible,1
306029,1.1,1,131,6.0,Negligible,1
306028,17.4,11,6397,100.0,Moderate,2
306027,44.57,2,1212,22.0,Negligible,2
306025,16.62,3,742,22.0,Negligible,2
306019,1.94,1,1803,23.0,Negligible,1
305985,9.34,1,2825,33.0,Negligible,1
305956,2.39,8,2510,65.0,Negligible,1
305948,18.67,12,2406,84.0,Moderate,2
305947,24.06,4,822,28.0,Moderate,2
305931,32.94,0,1679,17.0,Negligible,2
305887,4.64,0,1486,15.0,Negligible,1
305878,14.45,3,2466,40.0,Negligible,2
305866,4.53,2,129,11.0,Negligible,1
305815,4.04,3,287,18.0,Negligible,1
305774,0.06,2,1905,29.0,Negligible,1
305740,28.78,10,9152,100.0,Moderate,2
305719,2.69,6,724,37.0,Negligible,1
305688,4.28,1,130,6.0,Negligible,1
305645,19.58,6,136,31.0,Moderate,2
305615,11.19,0,2494,25.0,Negligible,1
305592,19.71,2,3183,42.0,Negligible,2
305568,4.22,1,155,7.0,Negligible,1
305562,7.66,3,2352,39.0,Negligible,1
305542,3.32,0,1636,16.0,Negligible,1
305366,7.86,2,197,12.0,Negligible,1
305345,4.8,7,832,43.0,Negligible,1
305321,4.84,3,572,21.0,Negligible,1
305291,17.84,1,45,5.0,Negligible,2
305263,3.19,4,2895,49.0,Negligible,1
305240,4.11,19,2131,100.0,Negligible,1
305232,0.02,3,12094,100.0,Negligible,1
305217,4.13,1,262,8.0,Negligible,1
305169,0.12,0,565,6.0,Negligible,1
305158,28.62,3,1709,32.0,Negligible,2
305094,0.42,9,1135,56.0,Negligible,1
305827,13.61,2,887,19.0,Negligible,1
305045,28.12,2,2325,33.0,Negligible,2
305028,0.76,2,141,11.0,Negligible,1
305012,46.39,6,594,36.0,Moderate,2
304945,0.0,2,1620,26.0,Negligible,1
304921,0.33,0,125,1.0,Negligible,1
304894,1.91,7,3363,69.0,Negligible,1
304874,6.19,0,1467,15.0,Negligible,1
304828,15.05,4,3611,56.0,Moderate,2
304827,22.23,0,2624,26.0,Negligible,2
304806,2.02,3,2889,44.0,Negligible,1
304797,0.18,2,2295,33.0,Negligible,1
304784,6.23,1,539,10.0,Negligible,1
304778,1.01,14,1440,84.0,Negligible,1
304774,0.19,0,259,3.0,Negligible,1
304765,13.35,6,3832,68.0,Moderate,1
304748,0.02,0,46,0.0,Negligible,1
304746,2.01,6,370,34.0,Negligible,1
304742,2.32,2,646,16.0,Negligible,1
304679,8.47,13,1771,83.0,Moderate,1
304648,2.79,2,254,13.0,Negligible,1
304642,9.11,1,3782,43.0,Negligible,1
304614,6.83,1,573,11.0,Negligible,1
304613,6.84,2,94,11.0,Negligible,1
304600,0.64,0,331,3.0,Negligible,1
304574,2.28,0,2057,21.0,Negligible,1
304544,7.09,5,487,30.0,Moderate,1
304536,1.26,1,1424,19.0,Negligible,1
304530,21.03,12,3752,98.0,Moderate,2
304525,6.01,1,195,7.0,Negligible,1
304493,0.36,0,293,3.0,Negligible,1
304474,14.89,3,5130,66.0,Negligible,2
304468,7.2,7,2057,56.0,Moderate,1
304390,6.5,1,544,10.0,Negligible,1
304382,6.41,3,376,19.0,Negligible,1
304368,3.2,4,622,26.0,Negligible,1
304351,24.55,0,129,1.0,Negligible,2
304350,14.32,10,3495,85.0,Moderate,2
304342,28.88,8,1396,54.0,Moderate,2
304314,30.75,0,323,3.0,Negligible,2
304313,3.39,12,731,67.0,Negligible,1
304294,1.63,0,154,2.0,Negligible,1
304291,6.61,2,285,13.0,Negligible,1
304274,21.39,4,1522,35.0,Moderate,2
304257,9.01,3,400,19.0,Negligible,1
304244,0.0,1,432,9.0,Negligible,1
304232,0.14,0,535,5.0,Negligible,1
304223,10.95,0,226,2.0,Negligible,1
304217,0.96,1,605,11.0,Negligible,1
304205,0.21,4,718,27.0,Negligible,1
304202,14.49,0,700,7.0,Negligible,2
304194,11.0,3,412,19.0,Negligible,1
304193,2.4,0,342,3.0,Negligible,1
304192,0.07,0,706,7.0,Negligible,1
304183,1.26,3,157,17.0,Negligible,1
304181,13.97,14,969,80.0,Moderate,1
304158,4.1,0,1383,14.0,Negligible,1
304139,0.27,1,286,8.0,Negligible,1
304135,0.12,2,1650,26.0,Negligible,1
304123,0.11,1,237,7.0,Negligible,1
304120,0.15,1,326,8.0,Negligible,1
304116,2.63,23,8321,100.0,Negligible,1
304111,7.09,0,224,2.0,Negligible,1
304108,0.63,1,514,10.0,Negligible,1
305654,4.09,2,654,17.0,Negligible,1
304057,0.39,2,3595,46.0,Negligible,1
304050,0.48,1,181,7.0,Negligible,1
304047,0.12,0,221,2.0,Negligible,1
304040,8.03,3,164,17.0,Negligible,1
304038,3.14,2,289,13.0,Negligible,1
304034,3.44,4,773,28.0,Negligible,1
304026,0.03,1,23,5.0,Negligible,1
304025,0.46,0,584,6.0,Negligible,1
304019,7.82,10,226,52.0,Moderate,1
304017,0.94,0,176,2.0,Negligible,1
304013,0.24,0,313,3.0,Negligible,1
304002,0.69,2,2115,31.0,Negligible,1
303990,4.5,7,1644,51.0,Negligible,1
303931,14.91,14,4252,100.0,Moderate,2
303929,0.69,2,113,11.0,Negligible,1
303916,1.05,2,2918,39.0,Negligible,1
303908,2.19,2,410,14.0,Negligible,1
303906,0.02,1,242,7.0,Negligible,1
303883,4.46,2,453,15.0,Negligible,1
303882,1.02,2,190,12.0,Negligible,1
303874,1.15,2,254,13.0,Negligible,1
303870,60.88,5,1069,36.0,Moderate,2
303865,0.01,0,881,9.0,Negligible,1
303848,0.2,1,451,10.0,Negligible,1
303844,0.13,4,207,22.0,Negligible,1
303840,6.41,8,704,47.0,Negligible,1
303820,0.01,1,201,7.0,Negligible,1
303802,5.19,1,231,7.0,Negligible,1
303801,0.15,1,566,11.0,Negligible,1
303794,43.7,1,5483,60.0,Negligible,2
303775,1.77,3,6144,76.0,Negligible,1
303774,0.2,0,5114,51.0,Negligible,1
303771,2.38,0,5252,53.0,Negligible,1
303769,0.91,0,335,3.0,Negligible,1
303768,1.27,1,5074,56.0,Negligible,1
303732,0.0,2,358,14.0,Negligible,1
303727,8.41,2,4020,50.0,Negligible,1
303714,0.36,4,6303,83.0,Negligible,1
303710,25.28,3,1957,35.0,Negligible,2
303701,4.44,3,270,18.0,Negligible,1
303700,0.08,1,301,8.0,Negligible,1
303692,0.0,0,188,2.0,Negligible,1
303665,2.81,1,2140,26.0,Negligible,1
303645,1.84,3,410,19.0,Negligible,1
303639,2.22,2,1621,26.0,Negligible,1
303638,0.06,1,353,9.0,Negligible,1
303612,0.04,0,148,1.0,Negligible,1
303582,0.69,3,105,16.0,Negligible,1
303570,3.63,7,579,41.0,Negligible,1
303568,0.65,0,165,2.0,Negligible,1
303554,5.09,3,931,24.0,Negligible,1
303553,0.62,2,946,19.0,Negligible,1
303551,0.63,1,868,14.0,Negligible,1
303546,48.3,7,2479,60.0,Moderate,2
303535,0.0,0,1474,15.0,Negligible,1
303531,1.8,5,1952,45.0,Negligible,1
303505,3.5,4,413,24.0,Negligible,1
303483,0.19,1,130,6.0,Negligible,1
303469,9.32,5,2778,53.0,Moderate,1
303436,1.07,3,608,21.0,Negligible,1
303429,54.22,4,313,23.0,Moderate,2
303426,0.66,4,779,28.0,Negligible,1
303425,0.47,2,453,15.0,Negligible,1
303422,1.52,8,652,47.0,Negligible,1
303290,0.06,1,546,10.0,Negligible,1
303283,12.76,1,222,7.0,Negligible,1
303265,11.03,4,280,23.0,Moderate,1
303251,14.58,1,738,12.0,Negligible,2
303246,8.15,8,3196,72.0,Moderate,1
303229,19.83,10,2763,78.0,Moderate,2
303223,0.51,1,213,7.0,Negligible,1
303194,27.54,2,3062,41.0,Negligible,2
303174,5.33,7,3002,65.0,Negligible,1
303151,13.55,9,1837,63.0,Moderate,1
303118,3.63,7,3956,75.0,Negligible,1
303115,1.66,3,9966,100.0,Negligible,1
303076,8.0,0,148,1.0,Negligible,1
303052,7.15,2,1517,25.0,Negligible,1
303022,1.37,7,775,43.0,Negligible,1
303021,6.73,3,1737,32.0,Negligible,1
303020,58.66,7,2379,59.0,Moderate,2
303012,4.81,10,2005,70.0,Negligible,1
302993,0.46,2,538,15.0,Negligible,1
302971,13.8,0,185,2.0,Negligible,1
302963,0.76,1,176,7.0,Negligible,1
302959,0.62,0,148,1.0,Negligible,1
302951,4.97,1,377,9.0,Negligible,1
302948,4.93,0,393,4.0,Negligible,1
302941,4.86,1,1666,22.0,Negligible,1
302940,2.06,5,4672,72.0,Negligible,1
302923,0.91,2,144,11.0,Negligible,1
302914,23.02,1,2029,25.0,Negligible,2
302907,0.63,0,117,1.0,Negligible,1
302904,1.01,0,191,2.0,Negligible,1
302880,8.73,48,5820,100.0,Moderate,1
302820,8.76,4,532,25.0,Moderate,1
302815,0.09,1,329,8.0,Negligible,1
302808,7.4,6,130,31.0,Moderate,1
302807,2.49,6,420,34.0,Negligible,1
302794,2.23,3,1333,28.0,Negligible,1
302762,1.77,4,1008,30.0,Negligible,1
302690,4.43,2,1276,23.0,Negligible,1
302678,44.22,3,8358,99.0,Negligible,2
302665,11.2,10,1419,64.0,Moderate,1
302622,2.17,1,132,6.0,Negligible,1
302604,27.24,3,2559,41.0,Negligible,2
302602,64.73,3,1483,30.0,Negligible,2
302597,0.01,6,580,36.0,Negligible,1
302579,5.71,2,989,20.0,Negligible,1
302576,0.23,3,1307,28.0,Negligible,1
302551,8.2,14,878,79.0,Moderate,1
302524,0.03,3,1692,32.0,Negligible,1
302517,40.11,1,3370,39.0,Negligible,2
302512,0.43,0,186,2.0,Negligible,1
302509,0.12,0,0,0.0,Negligible,1
302502,0.15,3,3740,52.0,Negligible,1
302499,0.97,5,11780,100.0,Negligible,1
302497,44.07,9,20,45.0,Moderate,2
302477,1.39,2,84,11.0,Negligible,1
302475,1.76,3,3684,52.0,Negligible,1
302456,3.68,2,358,14.0,Negligible,1
302453,2.18,0,636,6.0,Negligible,1
302408,0.17,0,62,1.0,Negligible,1
302406,3.44,5,1303,38.0,Negligible,1
302391,37.85,1,1606,21.0,Negligible,2
302388,5.95,2,208,12.0,Negligible,1
302379,13.35,3,79,16.0,Negligible,1
302337,0.28,2,753,18.0,Negligible,1
302330,0.32,0,128,1.0,Negligible,1
302327,1.59,2,3574,46.0,Negligible,1
302325,8.63,2,445,14.0,Negligible,1
302289,0.82,0,1912,19.0,Negligible,1
302279,0.8,3,842,23.0,Negligible,1
302277,0.62,1,1093,16.0,Negligible,1
302275,3.01,0,654,7.0,Negligible,1
302268,3.03,0,260,3.0,Negligible,1
302266,7.83,2,494,15.0,Negligible,1
302256,6.51,3,294,18.0,Negligible,1
302236,0.08,0,351,4.0,Negligible,1
302229,0.9,2,148,11.0,Negligible,1
302227,3.9,0,635,6.0,Negligible,1
302219,14.08,2,387,14.0,Negligible,2
302215,12.99,2,653,17.0,Negligible,1
302212,10.14,2,4907,59.0,Negligible,1
302207,0.89,2,260,13.0,Negligible,1
302206,7.18,1,148,6.0,Negligible,1
302202,1.41,0,887,9.0,Negligible,1
302201,7.18,2,25401,100.0,Negligible,1
302200,4.6,4,268,23.0,Negligible,1
302195,7.19,3,420,19.0,Negligible,1
302191,14.17,1,603,11.0,Negligible,2
302187,7.38,2,294,13.0,Negligible,1
302185,7.38,2,328,13.0,Negligible,1
302153,5.53,2,178,12.0,Negligible,1
302134,11.84,2,3451,45.0,Negligible,1
302128,0.93,0,17077,100.0,Negligible,1
302121,11.87,2,430,14.0,Negligible,1
302113,0.27,1,3280,38.0,Negligible,1
302089,7.1,3,716,22.0,Negligible,1
302083,30.55,2,2356,34.0,Negligible,2
302076,0.09,1,258,8.0,Negligible,1
302068,0.16,1,200,7.0,Negligible,1
302062,0.11,5,22246,100.0,Negligible,1
302054,14.26,4,351,24.0,Moderate,2
302044,0.81,1,2915,34.0,Negligible,1
302032,7.2,4,148,21.0,Moderate,1
302026,9.28,2,4987,60.0,Negligible,1
302016,0.19,1,2667,32.0,Negligible,1
302014,1.0,2,549,15.0,Negligible,1
302004,23.22,1,399,9.0,Negligible,2
301997,1.78,0,427,4.0,Negligible,1
301981,0.53,3,325,18.0,Negligible,1
301959,30.83,3,1735,32.0,Negligible,2
301932,7.79,2,37,10.0,Negligible,1
301928,1.14,2,2962,40.0,Negligible,1
301901,15.48,2,0,10.0,Negligible,2
301879,0.85,3,12111,100.0,Negligible,1
301858,0.11,6,1247,42.0,Negligible,1
301824,61.42,5,3288,58.0,Moderate,2
301819,1.14,7,674,42.0,Negligible,1
301779,9.41,3,4507,60.0,Negligible,1
301758,14.86,1,1464,20.0,Negligible,2
301742,5.55,4,283,23.0,Negligible,1
301677,0.77,0,2911,29.0,Negligible,1
301672,2.25,0,129,1.0,Negligible,1
301645,8.63,1,3574,41.0,Negligible,1
301619,2.64,5,575,31.0,Negligible,1
301609,3.26,4,530,25.0,Negligible,1
301608,4.02,2,3792,48.0,Negligible,1
301594,4.05,5,708,32.0,Negligible,1
301593,9.37,1,918,14.0,Negligible,1
301568,4.0,2,1401,24.0,Negligible,1
301564,13.89,5,1346,38.0,Moderate,1
301563,0.52,4,1090,31.0,Negligible,1
301538,23.98,2,10814,100.0,Negligible,2
301518,0.23,4,3110,51.0,Negligible,1
301508,4.17,5,2465,50.0,Negligible,1
301499,3.3,0,330,3.0,Negligible,1
301494,26.73,3,429,19.0,Negligible,2
301493,9.08,2,1092,21.0,Negligible,1
301491,3.32,4,2763,48.0,Negligible,1
301488,10.08,2,254,13.0,Negligible,1
301483,20.06,2,130,11.0,Negligible,2
301482,19.1,0,130,1.0,Negligible,2
301471,52.63,4,2815,48.0,Moderate,2
301458,3.31,60,2741,100.0,Negligible,1
301430,33.72,3,2834,43.0,Negligible,2
301355,37.99,4,441,24.0,Moderate,2
301305,0.05,2,1273,23.0,Negligible,1
301303,0.0,0,544,5.0,Negligible,1
301296,4.92,3,226,17.0,Negligible,1
301295,4.98,0,246,2.0,Negligible,1
301294,3.81,1,1408,19.0,Negligible,1
301293,4.97,0,211,2.0,Negligible,1
301292,5.67,1,125,6.0,Negligible,1
301290,5.64,1,406,9.0,Negligible,1
301288,5.05,1,147,6.0,Negligible,1
301287,35.68,3,239,17.0,Negligible,2
301284,0.08,1,715,12.0,Negligible,1
301264,3.74,1,398,9.0,Negligible,1
301261,1.1,1,302,8.0,Negligible,1
301259,1.1,1,275,8.0,Negligible,1
301258,15.09,1,231,7.0,Negligible,2
301226,0.78,0,222,2.0,Negligible,1
301216,6.91,1,3400,39.0,Negligible,1
301212,5.83,0,4418,44.0,Negligible,1
301207,5.0,0,7445,74.0,Negligible,1
301205,42.51,6,1433,44.0,Moderate,2
301203,6.13,0,1994,20.0,Negligible,1
301202,8.09,0,4395,44.0,Negligible,1
301201,3.99,0,3584,36.0,Negligible,1
301197,3.92,3,8918,100.0,Negligible,1
301194,56.19,2,820,18.0,Negligible,2
301193,28.21,4,1222,32.0,Moderate,2
301186,5.85,1,3872,44.0,Negligible,1
301185,3.94,0,4241,42.0,Negligible,1
301180,9.68,2,1478,25.0,Negligible,1
301175,13.04,0,3505,35.0,Negligible,1
301170,0.14,1,616,11.0,Negligible,1
301121,1.06,2,2904,39.0,Negligible,1
301092,1.13,4,2056,41.0,Negligible,1
301069,8.31,0,1511,15.0,Negligible,1
301060,4.32,12,1215,72.0,Negligible,1
301050,65.3,3,4202,57.0,Negligible,2
301013,5.81,3,1409,29.0,Negligible,1
301011,5.11,155,3524,100.0,Negligible,1
300919,4.73,7,2376,59.0,Negligible,1
300895,0.21,0,1312,13.0,Negligible,1
300871,4.83,1,1124,16.0,Negligible,1
300857,8.76,4,1867,39.0,Moderate,1
300854,19.11,3,1628,31.0,Negligible,2
300833,1.4,6,5865,89.0,Negligible,1
300812,6.25,1,457,10.0,Negligible,1
300795,8.98,0,1760,18.0,Negligible,1
300770,15.37,10,620,56.0,Moderate,2
300707,43.9,3,256,18.0,Negligible,2
300602,7.89,5,3279,58.0,Moderate,1
300601,1.12,4,1160,32.0,Negligible,1
300589,15.73,2,5932,69.0,Negligible,2
300556,1.16,0,1036,10.0,Negligible,1
300545,3.35,2,822,18.0,Negligible,1
300536,1.45,2,3657,47.0,Negligible,1
300502,0.35,4,4836,68.0,Negligible,1
300500,0.74,2,839,18.0,Negligible,1
300491,34.27,3,653,22.0,Negligible,2
300485,3.08,1,718,12.0,Negligible,1
300455,9.81,2,598,16.0,Negligible,1
300446,0.75,5,5165,77.0,Negligible,1
300419,1.64,5,4616,71.0,Negligible,1
300383,3.14,4,1568,36.0,Negligible,1
300308,8.15,3,1566,31.0,Negligible,1
300284,0.41,1,856,14.0,Negligible,1
300251,0.91,2,415,14.0,Negligible,1
300239,0.52,2,1541,25.0,Negligible,1
300231,67.86,13,8311,100.0,Extreme,2
300217,0.02,0,295,3.0,Negligible,1
300182,4.35,11,1736,72.0,Negligible,1
300162,14.44,0,332,3.0,Negligible,2
300150,0.79,3,2042,35.0,Negligible,1
300138,0.54,1,131,6.0,Negligible,1
300136,4.43,48,3623,100.0,Negligible,1
300125,2.18,10,1183,62.0,Negligible,1
299999,0.04,0,437,4.0,Negligible,1
299974,65.09,7,3642,71.0,Moderate,2
299973,3.28,5,3478,60.0,Negligible,1
299964,5.97,34,273,100.0,Negligible,1
299962,70.1,3,2348,38.0,Negligible,2
299955,16.24,5,2611,51.0,Moderate,2
299934,52.73,0,913,9.0,Negligible,2
299932,74.88,0,939,9.0,Negligible,2
299931,39.52,0,1278,13.0,Negligible,2
299920,2.63,0,908,9.0,Negligible,1
299893,0.0,2,32,10.0,Negligible,1
299860,4.17,1,527,10.0,Negligible,1
299859,0.05,0,189,2.0,Negligible,1
299853,0.06,0,103,1.0,Negligible,1
299849,0.2,2,128,11.0,Negligible,1
299822,5.0,4,2274,43.0,Negligible,1
299820,19.46,3,1454,30.0,Negligible,2
299777,21.31,0,1624,16.0,Negligible,2
299774,60.38,6,1721,47.0,Moderate,2
299764,0.39,0,166,2.0,Negligible,1
299763,3.06,11,2321,78.0,Negligible,1
299734,3.27,8,1833,58.0,Negligible,1
299733,0.31,12,209,62.0,Negligible,1
299703,71.31,30,5312,100.0,Extreme,2
299675,17.08,2,874,19.0,Negligible,2
299672,21.9,1,659,12.0,Negligible,2
299660,14.5,1,524,10.0,Negligible,2
299658,5.06,1,312,8.0,Negligible,1
299657,0.73,3,130,16.0,Negligible,1
299652,14.51,1,395,9.0,Negligible,2
299651,59.65,2,1291,23.0,Negligible,2
299647,0.69,4,132,21.0,Negligible,1
299645,4.21,1,129,6.0,Negligible,1
299630,25.04,10,504,55.0,Moderate,2
299617,0.14,0,128,1.0,Negligible,1
299616,0.52,1,324,8.0,Negligible,1
299615,14.64,1,382,9.0,Negligible,2
299614,14.64,1,230,7.0,Negligible,2
299598,71.76,6,1904,49.0,Moderate,2
299589,10.5,2,1325,23.0,Negligible,1
299587,19.86,23,1687,100.0,Moderate,2
299580,0.22,1,424,9.0,Negligible,1
299579,0.09,0,129,1.0,Negligible,1
299575,0.91,1,767,13.0,Negligible,1
299573,1.19,4,437,24.0,Negligible,1
299572,0.09,2,90,11.0,Negligible,1
299570,0.1,0,129,1.0,Negligible,1
299567,0.1,1,280,8.0,Negligible,1
299565,1.0,5,385,29.0,Negligible,1
299561,0.11,2,203,12.0,Negligible,1
299556,0.01,1,166,7.0,Negligible,1
299538,0.16,0,75,1.0,Negligible,1
299537,0.06,0,129,1.0,Negligible,1
299532,0.34,3,6011,75.0,Negligible,1
299523,2.99,8,3853,79.0,Negligible,1
299520,1.34,3,5013,65.0,Negligible,1
299514,40.11,3,387,19.0,Negligible,2
299504,1.31,3,3066,46.0,Negligible,1
299486,13.21,1,3605,41.0,Negligible,1
299484,1.0,6,167,32.0,Negligible,1
299477,46.25,8,2248,62.0,Moderate,2
299471,15.82,2,0,10.0,Negligible,2
299467,0.96,0,118,1.0,Negligible,1
299460,21.4,2,440,14.0,Negligible,2
299449,1.31,0,1610,16.0,Negligible,1
299443,0.52,0,118,1.0,Negligible,1
299437,0.36,3,7965,95.0,Negligible,1
299424,48.41,1,180,7.0,Negligible,2
299423,21.11,2,3368,44.0,Negligible,2
299416,0.44,3,4425,59.0,Negligible,1
299395,18.44,8,2671,67.0,Moderate,2
299379,0.27,2,1401,24.0,Negligible,1
299362,2.32,0,49,0.0,Negligible,1
299351,0.0,2,81,11.0,Negligible,1
299347,29.84,1,120,6.0,Negligible,2
299343,0.0,1,60,6.0,Negligible,1
299332,0.29,2,3891,49.0,Negligible,1
299295,0.12,1,383,9.0,Negligible,1
299269,17.1,3,1873,34.0,Negligible,2
299268,0.1,1,345,8.0,Negligible,1
299251,0.86,1,1532,20.0,Negligible,1
299234,38.77,4,649,26.0,Moderate,2
299224,16.7,16,634,86.0,Moderate,2
299219,1.07,0,773,8.0,Negligible,1
299205,41.16,4,493,25.0,Moderate,2
299172,43.32,10,811,58.0,Moderate,2
299160,27.1,3,862,24.0,Negligible,2
299150,0.25,1,0,5.0,Negligible,1
299133,17.03,3,1275,28.0,Negligible,2
299132,0.61,2,124,11.0,Negligible,1
299116,0.03,0,504,5.0,Negligible,1
299115,0.0,1,224,7.0,Negligible,1
299104,15.41,2,1472,25.0,Negligible,2
299095,13.55,6,3750,68.0,Moderate,1
299091,0.04,1,0,5.0,Negligible,1
299066,13.54,1,308,8.0,Negligible,1
299049,7.31,0,228,2.0,Negligible,1
299036,0.16,1,168,7.0,Negligible,1
299015,0.01,0,202,2.0,Negligible,1
298980,1.22,0,783,8.0,Negligible,1
298954,0.08,0,419,4.0,Negligible,1
298901,28.56,2,2250,32.0,Negligible,2
298890,3.64,2,9803,100.0,Negligible,1
298863,0.23,4,1212,32.0,Negligible,1
298858,1.93,0,136,1.0,Negligible,1
298850,0.25,0,1279,13.0,Negligible,1
298833,0.09,3,264,18.0,Negligible,1
298804,0.73,0,129,1.0,Negligible,1
298801,0.63,1,432,9.0,Negligible,1
298800,2.81,0,310,3.0,Negligible,1
298792,18.5,3,194,17.0,Negligible,2
298777,1.87,0,284,3.0,Negligible,1
298775,0.79,0,50,0.0,Negligible,1
298770,0.65,1,131,6.0,Negligible,1
298769,0.99,2,757,18.0,Negligible,1
298768,8.02,1,246,7.0,Negligible,1
298763,2.2,1,1726,22.0,Negligible,1
298734,0.02,2,171,12.0,Negligible,1
298724,2.1,7,112,36.0,Negligible,1
298722,0.0,2,0,10.0,Negligible,1
298714,0.08,1,205,7.0,Negligible,1
298700,30.48,11,692,62.0,Extreme,2
298659,2.09,1,636,11.0,Negligible,1
298652,1.29,1,313,8.0,Negligible,1
298647,1.3,1,238,7.0,Negligible,1
298627,0.81,2,202,12.0,Negligible,1
298615,2.7,2,8710,97.0,Negligible,1
298574,3.17,1,4754,53.0,Negligible,1
298471,33.72,2,401,14.0,Negligible,2
298463,6.02,8,4690,87.0,Negligible,1
298461,3.2,2,192,12.0,Negligible,1
298451,1.8,1,3657,42.0,Negligible,1
298433,24.2,0,12971,100.0,Negligible,2
298425,4.31,7,11111,100.0,Negligible,1
298422,5.44,6,1553,46.0,Negligible,1
298402,25.02,3,2653,42.0,Negligible,2
298399,5.42,2,2014,30.0,Negligible,1
298378,5.07,0,329,3.0,Negligible,1
298362,0.03,2,131,11.0,Negligible,1
298342,9.01,2,132,11.0,Negligible,1
298332,3.09,3,483,20.0,Negligible,1
298323,16.3,1,3016,35.0,Negligible,2
298287,4.29,0,130,1.0,Negligible,1
298278,3.77,0,59,1.0,Negligible,1
298244,12.0,2,2283,33.0,Negligible,1
298226,0.36,1,205,7.0,Negligible,1
298209,21.91,2,242,12.0,Negligible,2
298204,7.45,2,272,13.0,Negligible,1
299491,19.04,6,3042,60.0,Moderate,2
298195,0.28,1,612,11.0,Negligible,1
298194,0.03,0,95,1.0,Negligible,1
298189,0.34,1,287,8.0,Negligible,1
298181,0.26,2,0,10.0,Negligible,1
298179,0.34,7,216,37.0,Negligible,1
298176,24.49,1,503,10.0,Negligible,2
298128,0.77,1,500,10.0,Negligible,1
298125,0.01,0,125,1.0,Negligible,1
298091,25.06,2,383,14.0,Negligible,2
298078,15.27,1,1616,21.0,Negligible,2
298075,7.68,3,6834,83.0,Negligible,1
298073,40.58,1,285,8.0,Negligible,2
298065,0.12,2,415,14.0,Negligible,1
298051,0.01,1,164,7.0,Negligible,1
298023,39.84,7,1503,50.0,Moderate,2
298014,0.82,1,562,11.0,Negligible,1
297994,5.91,2,263,13.0,Negligible,1
297989,4.08,8,79,41.0,Negligible,1
297978,0.24,2,298,13.0,Negligible,1
297975,5.18,8,18,40.0,Negligible,1
297967,4.09,1,381,9.0,Negligible,1
297959,0.47,1,767,13.0,Negligible,1
297891,5.52,5,3258,58.0,Negligible,1
297867,0.05,0,471,5.0,Negligible,1
297847,7.54,2,400,14.0,Negligible,1
297827,27.79,4,210,22.0,Moderate,2
297811,6.56,4,362,24.0,Negligible,1
297809,0.17,0,312,3.0,Negligible,1
297808,31.91,2,2463,35.0,Negligible,2
297803,0.9,3,268,18.0,Negligible,1
297780,9.11,1,316,8.0,Negligible,1
297776,16.14,1,535,10.0,Negligible,2
297773,8.15,1,623,11.0,Negligible,1
297771,1.18,1,961,15.0,Negligible,1
297770,0.02,2,236,12.0,Negligible,1
297729,1.06,1,251,8.0,Negligible,1
297723,0.04,0,457,5.0,Negligible,1
297720,0.93,1,407,9.0,Negligible,1
297677,0.24,3,183,17.0,Negligible,1
297653,26.53,8,253,43.0,Moderate,2
297645,0.45,0,79,1.0,Negligible,1
297640,8.3,1,277,8.0,Negligible,1
297638,24.1,4,2371,44.0,Moderate,2
297631,0.55,0,330,3.0,Negligible,1
297626,0.54,7,2585,61.0,Negligible,1
297620,0.15,3,519,20.0,Negligible,1
297619,37.58,0,429,4.0,Negligible,2
297586,34.8,2,274,13.0,Negligible,2
297566,19.54,1,334,8.0,Negligible,2
297562,4.96,4,6844,88.0,Negligible,1
297559,8.76,2,394,14.0,Negligible,1
297557,5.95,3,1130,26.0,Negligible,1
297556,13.74,4,108,21.0,Moderate,1
297533,0.73,2,1795,28.0,Negligible,1
297532,0.9,0,149,1.0,Negligible,1
297526,0.76,1,161,7.0,Negligible,1
297517,0.09,1,248,7.0,Negligible,1
297508,0.58,0,43,0.0,Negligible,1
297497,0.37,0,408,4.0,Negligible,1
297487,27.07,1,1607,21.0,Negligible,2
297484,58.99,1,98,6.0,Negligible,2
297482,0.87,2,291,13.0,Negligible,1
297473,10.15,0,254,3.0,Negligible,1
297466,40.79,3,423,19.0,Negligible,2
297459,6.1,0,203,2.0,Negligible,1
297458,8.05,1,282,8.0,Negligible,1
297457,0.35,1,724,12.0,Negligible,1
297452,8.06,0,720,7.0,Negligible,1
297449,2.9,1,180,7.0,Negligible,1
297448,1.08,2,407,14.0,Negligible,1
297447,21.44,3,463,20.0,Negligible,2
297445,0.37,1,626,11.0,Negligible,1
297444,1.7,1,249,7.0,Negligible,1
297439,7.69,2,147,11.0,Negligible,1
297434,2.21,3,596,21.0,Negligible,1
297433,58.8,2,196,12.0,Negligible,2
297426,0.47,1,149,6.0,Negligible,1
297425,0.02,3,2639,41.0,Negligible,1
297420,0.02,3,799,23.0,Negligible,1
297419,0.01,3,814,23.0,Negligible,1
297410,0.98,5,0,25.0,Negligible,1
297408,7.02,6,435,34.0,Moderate,1
297406,6.18,1,267,8.0,Negligible,1
297405,1.17,0,215,2.0,Negligible,1
297403,0.53,0,181,2.0,Negligible,1
297392,4.43,10,6829,100.0,Negligible,1
297391,1.2,0,101,1.0,Negligible,1
297387,20.89,15,348,78.0,Moderate,2
297380,41.27,3,377,19.0,Negligible,2
297379,2.87,4,154,22.0,Negligible,1
297376,0.83,4,201,22.0,Negligible,1
297375,0.95,0,331,3.0,Negligible,1
297368,0.4,0,231,2.0,Negligible,1
297359,0.0,1,421,9.0,Negligible,1
297334,7.78,0,610,6.0,Negligible,1
297332,0.8,0,298,3.0,Negligible,1
297318,0.79,0,612,6.0,Negligible,1
297317,0.8,0,798,8.0,Negligible,1
297316,1.32,1,869,14.0,Negligible,1
297313,17.41,4,147,21.0,Moderate,2
297306,0.73,6,249,32.0,Negligible,1
297302,1.41,5,274,28.0,Negligible,1
297300,8.6,2,425,14.0,Negligible,1
297297,1.28,1,170,7.0,Negligible,1
297287,1.37,0,561,6.0,Negligible,1
297285,2.39,0,250,2.0,Negligible,1
297284,0.4,1,228,7.0,Negligible,1
297282,6.45,0,346,3.0,Negligible,1
297280,2.46,1,415,9.0,Negligible,1
297273,3.43,1,130,6.0,Negligible,1
297257,1.1,1,108,6.0,Negligible,1
297252,7.34,0,198,2.0,Negligible,1
297251,8.64,7,235,37.0,Moderate,1
297250,0.67,1,380,9.0,Negligible,1
297249,2.45,2,150,12.0,Negligible,1
297216,0.86,0,493,5.0,Negligible,1
297180,8.78,5,200,27.0,Moderate,1
297172,1.65,4,460,25.0,Negligible,1
297171,14.44,7,3567,71.0,Moderate,2
297160,1.68,2,2684,37.0,Negligible,1
297159,3.41,5,348,28.0,Negligible,1
297157,2.42,4,601,26.0,Negligible,1
297142,1.97,0,849,8.0,Negligible,1
297109,37.59,7,4276,78.0,Moderate,2
297078,0.0,1,689,12.0,Negligible,1
297051,0.09,3,218,17.0,Negligible,1
297022,0.09,2,453,15.0,Negligible,1
297019,3.3,5,2796,53.0,Negligible,1
297015,0.02,2,192,12.0,Negligible,1
297010,4.35,0,130,1.0,Negligible,1
296996,30.16,1,295,8.0,Negligible,2
296955,28.49,24,4274,100.0,Moderate,2
296943,0.63,0,231,2.0,Negligible,1
296936,10.1,8,239,42.0,Moderate,1
296892,53.61,3,1537,30.0,Negligible,2
296888,0.65,2,166,12.0,Negligible,1
296872,0.87,2,309,13.0,Negligible,1
296861,16.62,3,2606,41.0,Negligible,2
296840,8.89,1,1805,23.0,Negligible,1
296824,36.92,1,608,11.0,Negligible,2
296682,0.2,1,68,6.0,Negligible,1
296681,26.31,2,1979,30.0,Negligible,2
296611,0.05,3,347,18.0,Negligible,1
296610,0.17,10,616,56.0,Negligible,1
296609,4.88,1,645,11.0,Negligible,1
296583,2.17,3,183,17.0,Negligible,1
296581,10.95,10,1879,69.0,Moderate,1
296553,3.73,2,397,14.0,Negligible,1
296545,3.18,1,961,15.0,Negligible,1
296538,11.34,0,749,7.0,Negligible,1
296505,3.31,5,132,26.0,Negligible,1
296489,11.12,7,638,41.0,Moderate,1
296487,0.53,2,338,13.0,Negligible,1
296465,8.97,6,425,34.0,Moderate,1
296449,12.55,1,391,9.0,Negligible,1
296405,0.36,4,8537,100.0,Negligible,1
296350,17.7,6,131,31.0,Moderate,2
296343,0.04,3,93,16.0,Negligible,1
296263,4.38,1,202,7.0,Negligible,1
296236,8.31,0,301,3.0,Negligible,1
296218,11.71,0,353,4.0,Negligible,1
296207,32.67,1,1559,21.0,Negligible,2
296204,0.03,0,229,2.0,Negligible,1
296123,0.05,1,845,13.0,Negligible,1
296084,33.13,2,663,17.0,Negligible,2
296078,53.86,0,1127,11.0,Negligible,2
296073,7.22,2,506,15.0,Negligible,1
296069,0.03,0,1201,12.0,Negligible,1
296060,32.88,12,418,64.0,Extreme,2
296057,0.08,1,1746,22.0,Negligible,1
296051,2.09,1,169,7.0,Negligible,1
296033,12.82,2,27002,100.0,Negligible,1
295957,0.66,1,178,7.0,Negligible,1
295925,8.28,3,572,21.0,Negligible,1
295893,0.52,2,1128,21.0,Negligible,1
295885,0.12,1,373,9.0,Negligible,1
295868,0.97,3,1005,25.0,Negligible,1
295854,4.06,0,3582,36.0,Negligible,1
295844,78.1,10,3219,82.0,Moderate,2
295832,40.93,5,899,34.0,Moderate,2
295830,37.85,1,1320,18.0,Negligible,2
295837,0.13,0,1103,11.0,Negligible,1
295807,1.27,0,1591,16.0,Negligible,1
295793,0.18,1,308,8.0,Negligible,1
295789,2.15,3,1994,35.0,Negligible,1
295781,21.18,0,313,3.0,Negligible,2
295767,0.19,2,1539,25.0,Negligible,1
295665,32.29,1,1014,15.0,Negligible,2
295650,2.2,1,225,7.0,Negligible,1
295643,4.23,4,461,25.0,Negligible,1
295639,7.31,5,319,28.0,Moderate,1
295619,0.1,1,437,9.0,Negligible,1
295616,1.24,1,322,8.0,Negligible,1
295557,1.31,4,234,22.0,Negligible,1
295527,1.7,1,1201,17.0,Negligible,1
295507,2.91,1,1425,19.0,Negligible,1
300942,32.05,10,1623,66.0,Moderate,2
295472,2.08,1,318,8.0,Negligible,1
295465,24.51,11,1806,73.0,Moderate,2
295411,2.56,0,1659,17.0,Negligible,1
295404,5.7,1,206,7.0,Negligible,1
295393,1.28,0,3306,33.0,Negligible,1
295379,7.01,1,2827,33.0,Negligible,1
295372,21.41,18,2430,100.0,Moderate,2
295352,5.36,8,5822,98.0,Negligible,1
295339,3.16,1,550,10.0,Negligible,1
295280,3.91,0,309,3.0,Negligible,1
295272,1.24,0,1096,11.0,Negligible,1
295264,2.77,1,180,7.0,Negligible,1
295243,0.05,0,162,2.0,Negligible,1
295242,0.01,6,239,32.0,Negligible,1
295237,12.6,3,831,23.0,Negligible,1
295216,0.1,0,381,4.0,Negligible,1
295207,89.81,5,3046,55.0,Moderate,2
295204,13.65,9,1568,61.0,Moderate,1
295197,2.73,1,248,7.0,Negligible,1
295196,0.05,0,0,0.0,Negligible,1
295194,0.1,0,318,3.0,Negligible,1
295180,0.26,2,9757,100.0,Negligible,1
295178,0.07,4,504,25.0,Negligible,1
295169,0.04,0,130,1.0,Negligible,1
295152,46.99,5,9891,100.0,Moderate,2
295103,21.25,4,1344,33.0,Moderate,2
295088,41.43,1,1774,23.0,Negligible,2
295079,29.88,0,501,5.0,Negligible,2
295078,15.34,4,3581,56.0,Moderate,2
295072,0.88,0,207,2.0,Negligible,1
295071,4.8,1,221,7.0,Negligible,1
295068,42.64,2,1485,25.0,Negligible,2
295067,76.89,4,2357,44.0,Moderate,2
295054,8.31,4,2916,49.0,Moderate,1
295052,3.56,0,718,7.0,Negligible,1
295046,0.58,2,729,17.0,Negligible,1
295041,4.94,2,469,15.0,Negligible,1
295033,4.25,0,1218,12.0,Negligible,1
295022,5.14,0,226,2.0,Negligible,1
295004,0.09,1,55,6.0,Negligible,1
294996,29.0,3,1840,33.0,Negligible,2
294990,0.0,0,108,1.0,Negligible,1
294983,5.19,2,3674,47.0,Negligible,1
294980,22.22,1,1839,23.0,Negligible,2
294977,3.81,6,1017,40.0,Negligible,1
294973,0.07,0,46,0.0,Negligible,1
294972,0.07,0,296,3.0,Negligible,1
294969,0.07,1,425,9.0,Negligible,1
294968,0.23,2,330,13.0,Negligible,1
294945,0.88,7,1214,47.0,Negligible,1
294933,42.49,3,416,19.0,Negligible,2
294899,11.9,6,327,33.0,Moderate,1
294863,6.59,8,1002,50.0,Negligible,1
294857,0.11,0,182,2.0,Negligible,1
294830,6.21,0,620,6.0,Negligible,1
294803,29.62,1,883,14.0,Negligible,2
294794,0.32,1,224,7.0,Negligible,1
294793,4.02,5,4492,70.0,Negligible,1
294789,5.21,1,4673,52.0,Negligible,1
294788,5.22,4,1711,37.0,Negligible,1
294780,46.81,11,7606,100.0,Extreme,2
294750,48.4,3,81,16.0,Negligible,2
294749,1.5,0,81,1.0,Negligible,1
294747,71.76,0,233,2.0,Negligible,2
294743,48.44,2,910,19.0,Negligible,2
294740,0.34,0,264,3.0,Negligible,1
294731,6.79,4,25737,100.0,Negligible,1
294727,73.72,2,2875,39.0,Negligible,2
294723,1.68,5,258,28.0,Negligible,1
294718,0.79,1,206,7.0,Negligible,1
294698,12.75,5,5318,78.0,Moderate,1
294675,15.79,2,129,11.0,Negligible,2
294670,5.68,6,2244,52.0,Negligible,1
294668,12.82,4,2124,41.0,Moderate,1
294634,19.92,3,265,18.0,Negligible,2
294616,2.08,1,5198,57.0,Negligible,1
294546,84.45,21,2837,100.0,Extreme,2
294544,0.89,1,147,6.0,Negligible,1
294530,0.19,13,198,67.0,Negligible,1
294524,0.35,1,1593,21.0,Negligible,1
294522,12.01,1,479,10.0,Negligible,1
294520,50.33,11,2118,76.0,Extreme,2
294508,12.21,5,266,28.0,Moderate,1
294502,13.35,12,3976,100.0,Moderate,1
294477,17.15,9,2514,70.0,Moderate,2
294469,9.48,0,398,4.0,Negligible,1
294420,17.23,3,2782,43.0,Negligible,2
294413,1.16,2,1351,24.0,Negligible,1
294345,19.85,5,2129,46.0,Moderate,2
294310,29.99,4,2113,41.0,Moderate,2
294278,44.21,4,494,25.0,Moderate,2
294277,40.88,6,891,39.0,Moderate,2
294267,6.95,1,473,10.0,Negligible,1
294249,44.65,4,684,27.0,Moderate,2
294244,3.05,2,448,14.0,Negligible,1
294224,16.83,2,1614,26.0,Negligible,2
294211,1.24,0,193,2.0,Negligible,1
294173,0.99,1,671,12.0,Negligible,1
294158,0.12,1,288,8.0,Negligible,1
294122,21.77,6,1976,50.0,Moderate,2
294115,0.55,1,13985,100.0,Negligible,1
294109,20.26,4,3016,50.0,Moderate,2
294083,63.36,3,471,20.0,Negligible,2
294053,2.48,0,302,3.0,Negligible,1
294049,2.49,1,227,7.0,Negligible,1
294048,20.14,2,343,13.0,Negligible,2
294036,9.84,1,187,7.0,Negligible,1
294017,7.9,5,4789,73.0,Moderate,1
294014,20.38,3,1814,33.0,Negligible,2
294012,44.81,0,370,4.0,Negligible,2
294010,66.09,1,434,9.0,Negligible,2
294003,18.06,0,204,2.0,Negligible,2
293968,9.74,2,1083,21.0,Negligible,1
293930,0.05,0,144,1.0,Negligible,1
293925,17.67,8,4293,83.0,Moderate,2
293887,11.16,39,2327,100.0,Moderate,1
293873,1.92,1,439,9.0,Negligible,1
293864,65.23,13,6385,100.0,Extreme,2
293858,0.41,2,539,15.0,Negligible,1
293852,2.0,2,194,12.0,Negligible,1
293807,0.63,0,1742,17.0,Negligible,1
293802,57.23,2,1478,25.0,Negligible,2
293781,66.2,2,2749,37.0,Negligible,2
293730,5.62,1,3318,38.0,Negligible,1
293727,11.64,2,1329,23.0,Negligible,1
293711,88.02,12,1735,77.0,Extreme,2
293670,6.22,3,560,21.0,Negligible,1
293661,0.08,4,2733,47.0,Negligible,1
293638,1.77,1,1352,19.0,Negligible,1
293616,8.97,4,2238,42.0,Moderate,1
293611,19.39,0,143,1.0,Negligible,2
293602,0.48,1,1339,18.0,Negligible,1
308380,3.72,0,1705,17.0,Negligible,1
293503,53.9,1,3833,43.0,Negligible,2
293480,10.82,2,255,13.0,Negligible,1
293479,17.71,2,210,12.0,Negligible,2
293477,1.13,0,230,2.0,Negligible,1
293439,24.7,2,1534,25.0,Negligible,2
293428,31.45,3,5522,70.0,Negligible,2
293413,16.95,2,2671,37.0,Negligible,2
293387,1.17,3,1540,30.0,Negligible,1
293384,4.51,0,1612,16.0,Negligible,1
293365,15.49,14,3207,100.0,Moderate,2
293364,15.49,0,4260,43.0,Negligible,2
293363,15.49,0,1596,16.0,Negligible,2
293359,94.32,10,690,57.0,Moderate,2
293250,17.65,1,878,14.0,Negligible,2
293247,7.35,4,2899,49.0,Moderate,1
293242,69.07,2,2642,36.0,Negligible,2
293213,11.66,4,1264,33.0,Moderate,1
293203,5.17,5,1274,38.0,Negligible,1
293182,6.07,34,1139,100.0,Negligible,1
293181,0.03,0,269,3.0,Negligible,1
293180,0.03,0,170,2.0,Negligible,1
293177,3.82,3,3772,53.0,Negligible,1
293166,12.11,12,2803,88.0,Moderate,1
293165,0.04,0,119,1.0,Negligible,1
293164,0.07,2,1798,28.0,Negligible,1
293142,18.15,3,3827,53.0,Negligible,2
293128,25.11,1,135,6.0,Negligible,2
293115,0.03,0,1665,17.0,Negligible,1
293110,102.19,3,1576,31.0,Negligible,2
293098,34.65,28,507,100.0,Extreme,2
293097,28.14,1,1532,20.0,Negligible,2
293080,50.21,1,558,11.0,Negligible,2
293078,6.93,0,132,1.0,Negligible,1
293073,12.03,4,1468,35.0,Moderate,1
293063,7.44,8,881,49.0,Moderate,1
293052,11.34,2,710,17.0,Negligible,1
293050,12.16,2,1696,27.0,Negligible,1
293049,0.46,5,1088,36.0,Negligible,1
293046,12.12,3,1914,34.0,Negligible,1
293039,19.45,1,1495,20.0,Negligible,2
293038,14.5,2,947,19.0,Negligible,2
293029,6.2,0,5051,51.0,Negligible,1
293015,21.62,3,1325,28.0,Negligible,2
293002,36.06,8,345,43.0,Moderate,2
292993,0.58,11,1366,69.0,Negligible,1
292971,7.55,0,522,5.0,Negligible,1
292967,0.89,0,373,4.0,Negligible,1
292960,12.52,16,2262,100.0,Moderate,1
292949,0.94,7,209,37.0,Negligible,1
292948,0.1,1,2007,25.0,Negligible,1
292943,72.01,1,382,9.0,Negligible,2
292936,14.02,4,873,29.0,Moderate,2
292935,6.47,6,3433,64.0,Negligible,1
292914,14.99,0,52,1.0,Negligible,2
292904,9.06,3,2215,37.0,Negligible,1
292844,7.78,1,137,6.0,Negligible,1
292820,0.3,1,1932,24.0,Negligible,1
292779,4.65,2,3673,47.0,Negligible,1
292754,33.92,5,4847,73.0,Moderate,2
292736,0.78,0,1440,14.0,Negligible,1
292710,0.05,2,188,12.0,Negligible,1
292678,0.05,0,1112,11.0,Negligible,1
292665,0.04,0,3334,33.0,Negligible,1
292644,1.07,5,2240,47.0,Negligible,1
292633,20.85,1,1245,17.0,Negligible,2
292629,23.03,6,867,39.0,Moderate,2
292615,0.41,0,1923,19.0,Negligible,1
292607,0.03,0,400,4.0,Negligible,1
292603,6.36,6,811,38.0,Negligible,1
292579,23.71,2,828,18.0,Negligible,2
292557,0.08,0,286,3.0,Negligible,1
292546,0.16,0,941,9.0,Negligible,1
292545,0.5,1,234,7.0,Negligible,1
292531,0.23,1,359,9.0,Negligible,1
292489,0.28,0,290,3.0,Negligible,1
292488,0.29,0,131,1.0,Negligible,1
292487,0.32,2,118,11.0,Negligible,1
292481,10.45,0,625,6.0,Negligible,1
292454,0.13,0,215,2.0,Negligible,1
292448,0.02,1,206,7.0,Negligible,1
292444,0.57,2,1491,25.0,Negligible,1
292435,14.96,3,423,19.0,Negligible,2
292402,0.11,2,222,12.0,Negligible,1
292393,0.15,2,1585,26.0,Negligible,1
292384,72.22,1,2178,27.0,Negligible,2
292372,0.25,0,1092,11.0,Negligible,1
292357,2.16,1,361,9.0,Negligible,1
292345,0.18,1,106,6.0,Negligible,1
292300,1.09,0,136,1.0,Negligible,1
292297,16.29,11,1668,72.0,Moderate,2
292287,30.41,5,549,30.0,Moderate,2
292286,2.07,1,1373,19.0,Negligible,1
292278,0.29,1,147,6.0,Negligible,1
292273,32.02,4,130,21.0,Moderate,2
292261,0.23,0,594,6.0,Negligible,1
292237,0.0,1,284,8.0,Negligible,1
292235,17.57,4,353,24.0,Moderate,2
292222,72.71,4,807,28.0,Moderate,2
292218,0.72,4,1368,34.0,Negligible,1
292196,2.08,1,435,9.0,Negligible,1
292180,1.81,9,3540,80.0,Negligible,1
292174,2.36,2,223,12.0,Negligible,1
292168,53.0,1,174,7.0,Negligible,2
292167,4.27,7,1112,46.0,Negligible,1
292150,29.34,1,153,7.0,Negligible,2
292098,1.89,1,209,7.0,Negligible,1
292075,2.91,0,356,4.0,Negligible,1
292051,3.07,1,40,5.0,Negligible,1
292050,2.92,5,180,27.0,Negligible,1
292042,7.37,2,597,16.0,Negligible,1
292032,20.31,2,5771,68.0,Negligible,2
292024,2.73,19,9737,100.0,Negligible,1
292011,3.07,9,2605,71.0,Negligible,1
292001,2.99,1,822,13.0,Negligible,1
291995,3.48,2,158,12.0,Negligible,1
291993,19.82,2,204,12.0,Negligible,2
291991,1.68,0,350,4.0,Negligible,1
291974,0.07,1,262,8.0,Negligible,1
291958,0.08,0,999,10.0,Negligible,1
291955,4.32,1,737,12.0,Negligible,1
291954,2.88,2,261,13.0,Negligible,1
291952,0.91,1,166,7.0,Negligible,1
291951,11.24,0,268,3.0,Negligible,1
291940,28.05,5,505,30.0,Moderate,2
291935,3.28,3,3462,50.0,Negligible,1
291930,19.53,0,179,2.0,Negligible,2
291927,0.21,0,140,1.0,Negligible,1
291913,0.01,0,311,3.0,Negligible,1
291899,4.13,1,213,7.0,Negligible,1
291893,60.98,1,355,9.0,Negligible,2
291889,3.4,3,877,24.0,Negligible,1
291873,3.04,2,173,12.0,Negligible,1
291868,4.93,0,621,6.0,Negligible,1
291867,0.39,1,79,6.0,Negligible,1
291851,0.12,0,65,1.0,Negligible,1
291850,0.2,0,619,6.0,Negligible,1
291846,0.11,0,0,0.0,Negligible,1
291837,3.0,3,0,15.0,Negligible,1
291835,4.53,0,343,3.0,Negligible,1
291827,18.13,1,139,6.0,Negligible,2
291823,41.58,11,2934,84.0,Extreme,2
291803,0.55,3,1827,33.0,Negligible,1
291793,3.56,0,338,3.0,Negligible,1
291792,13.66,2,577,16.0,Negligible,1
291789,0.62,0,543,5.0,Negligible,1
291786,0.02,0,85,1.0,Negligible,1
291782,0.02,0,1236,12.0,Negligible,1
291737,25.11,11,315,58.0,Moderate,2
291720,0.61,0,777,8.0,Negligible,1
291718,0.96,9,310,48.0,Negligible,1
291701,4.47,5,214,27.0,Negligible,1
291698,5.1,1,79,6.0,Negligible,1
291693,4.12,2,461,15.0,Negligible,1
291691,14.09,5,3326,58.0,Moderate,2
291681,0.24,2,892,19.0,Negligible,1
291672,3.88,1,149,6.0,Negligible,1
291669,3.92,1,306,8.0,Negligible,1
291652,0.15,0,686,7.0,Negligible,1
291641,0.08,2,302,13.0,Negligible,1
291638,18.88,0,296,3.0,Negligible,2
291636,6.26,0,1317,13.0,Negligible,1
291596,0.2,4,5316,73.0,Negligible,1
291589,0.88,0,501,5.0,Negligible,1
291578,76.21,0,2643,26.0,Negligible,2
291570,0.16,0,211,2.0,Negligible,1
291561,76.64,3,1984,35.0,Negligible,2
291544,0.34,0,128,1.0,Negligible,1
291535,54.26,4,2038,40.0,Moderate,2
291522,4.24,0,3163,32.0,Negligible,1
291499,4.84,2,1322,23.0,Negligible,1
291487,0.06,0,1045,10.0,Negligible,1
291486,31.5,1,1192,17.0,Negligible,2
291480,19.29,11,1625,71.0,Moderate,2
291478,0.8,1,648,11.0,Negligible,1
291466,34.54,2,124,11.0,Negligible,2
291464,20.11,0,280,3.0,Negligible,2
291461,0.02,1,342,8.0,Negligible,1
291453,0.95,0,176,2.0,Negligible,1
291447,75.8,6,414,34.0,Moderate,2
291438,0.02,1,217,7.0,Negligible,1
291429,1.01,2,258,13.0,Negligible,1
291422,0.05,0,633,6.0,Negligible,1
291416,1.16,4,944,29.0,Negligible,1
291407,25.89,6,2103,51.0,Moderate,2
291402,0.07,2,246,12.0,Negligible,1
291393,0.03,2,390,14.0,Negligible,1
291385,1.51,3,479,20.0,Negligible,1
291364,0.82,0,122,1.0,Negligible,1
291346,6.71,7,1427,49.0,Negligible,1
291342,0.44,3,4014,55.0,Negligible,1
291340,0.7,1,247,7.0,Negligible,1
291310,0.28,1,498,10.0,Negligible,1
291295,0.1,1,108,6.0,Negligible,1
291283,57.7,0,283,3.0,Negligible,2
291271,26.44,1,484,10.0,Negligible,2
291270,7.12,0,1408,14.0,Negligible,1
291239,7.36,2,278,13.0,Negligible,1
291237,7.41,2,411,14.0,Negligible,1
291233,1.59,0,323,3.0,Negligible,1
291222,6.38,0,238,2.0,Negligible,1
291218,65.53,0,374,4.0,Negligible,2
291216,20.95,0,305,3.0,Negligible,2
291202,37.54,0,330,3.0,Negligible,2
291197,20.2,2,272,13.0,Negligible,2
291173,58.06,1,1458,20.0,Negligible,2
291159,0.7,0,327,3.0,Negligible,1
291157,101.43,1,421,9.0,Negligible,2
291154,2.84,5,243,27.0,Negligible,1
291150,0.07,0,396,4.0,Negligible,1
291134,27.98,1,215,7.0,Negligible,2
291133,1.38,2,465,15.0,Negligible,1
291123,14.47,0,469,5.0,Negligible,2
291122,112.13,6,19785,100.0,Moderate,2
291118,23.82,4,565,26.0,Moderate,2
291115,14.48,1,574,11.0,Negligible,2
291107,1.02,0,591,6.0,Negligible,1
291099,0.48,2,138,11.0,Negligible,1
291089,1.45,2,164,12.0,Negligible,1
291088,8.12,1,2406,29.0,Negligible,1
291087,8.13,5,339,28.0,Moderate,1
291086,0.25,1,435,9.0,Negligible,1
291083,0.91,2,252,13.0,Negligible,1
291081,57.79,2,185,12.0,Negligible,2
291080,0.67,0,128,1.0,Negligible,1
291078,0.0,1,250,8.0,Negligible,1
291077,0.2,1,376,9.0,Negligible,1
291076,22.84,6,433,34.0,Moderate,2
291075,0.89,2,190,12.0,Negligible,1
291074,0.51,1,290,8.0,Negligible,1
291070,1.62,3,147,16.0,Negligible,1
291063,1.88,1,148,6.0,Negligible,1
291059,0.02,1,438,9.0,Negligible,1
291050,0.85,0,271,3.0,Negligible,1
291044,8.17,1,235,7.0,Negligible,1
291036,0.84,1,316,8.0,Negligible,1
291025,0.59,0,284,3.0,Negligible,1
291024,0.73,0,513,5.0,Negligible,1
291022,6.07,1,389,9.0,Negligible,1
291007,6.19,1,322,8.0,Negligible,1
291005,97.04,0,460,5.0,Negligible,2
290995,0.88,2,314,13.0,Negligible,1
290994,1.87,2,660,17.0,Negligible,1
290993,1.94,2,307,13.0,Negligible,1
290992,0.34,1,375,9.0,Negligible,1
290991,7.11,8,664,47.0,Moderate,1
290983,0.95,0,662,7.0,Negligible,1
290972,2.36,0,783,8.0,Negligible,1
290964,1.26,2,357,14.0,Negligible,1
290963,20.73,6,353,34.0,Moderate,2
290960,0.11,2,464,15.0,Negligible,1
290954,2.18,1,381,9.0,Negligible,1
290947,0.45,2,210,12.0,Negligible,1
290938,2.88,4,541,25.0,Negligible,1
290937,45.29,3,933,24.0,Negligible,2
290934,7.02,0,203,2.0,Negligible,1
290932,45.3,6,825,38.0,Moderate,2
290929,1.83,1,149,6.0,Negligible,1
290928,26.83,5,679,32.0,Moderate,2
290921,2.62,3,730,22.0,Negligible,1
290903,1.07,1,197,7.0,Negligible,1
290898,2.24,2,512,15.0,Negligible,1
290895,58.55,1,321,8.0,Negligible,2
290894,27.99,7,15317,100.0,Moderate,2
290893,0.5,4,388,24.0,Negligible,1
290892,1.21,2,361,14.0,Negligible,1
290890,2.14,5,148,26.0,Negligible,1
290887,8.53,2,148,11.0,Negligible,1
290885,2.98,6,383,34.0,Negligible,1
290876,1.95,1,527,10.0,Negligible,1
290875,0.05,1,493,10.0,Negligible,1
290874,0.31,2,185,12.0,Negligible,1
290873,2.05,3,401,19.0,Negligible,1
290863,5.94,8,183,42.0,Negligible,1
290858,0.73,1,5666,62.0,Negligible,1
290855,1.77,1,297,8.0,Negligible,1
290853,26.98,0,278,3.0,Negligible,2
290839,1.79,0,290,3.0,Negligible,1
290833,2.32,3,411,19.0,Negligible,1
290832,2.04,1,264,8.0,Negligible,1
290831,1.25,0,347,3.0,Negligible,1
290828,27.1,4,91,21.0,Moderate,2
290827,2.12,3,294,18.0,Negligible,1
290822,0.7,4,334,23.0,Negligible,1
290816,35.68,0,450,4.0,Negligible,2
290808,0.38,0,147,1.0,Negligible,1
290807,0.38,1,206,7.0,Negligible,1
290800,6.32,5,465,30.0,Negligible,1
290799,1.1,1,98,6.0,Negligible,1
290793,0.88,1,464,10.0,Negligible,1
290789,0.66,3,3137,46.0,Negligible,1
290775,1.54,3,499,20.0,Negligible,1
290774,1.36,0,106,1.0,Negligible,1
290773,21.06,4,367,24.0,Moderate,2
290769,2.02,0,1727,17.0,Negligible,1
290761,0.4,1,249,7.0,Negligible,1
290760,3.01,3,272,18.0,Negligible,1
290756,2.02,1,231,7.0,Negligible,1
290751,0.02,1,147,6.0,Negligible,1
290744,0.4,0,299,3.0,Negligible,1
290742,0.4,6,925,39.0,Negligible,1
290741,0.4,0,287,3.0,Negligible,1
290740,78.69,6,2090,51.0,Moderate,2
290737,0.32,0,472,5.0,Negligible,1
290725,1.3,5,6430,89.0,Negligible,1
290724,1.96,1,353,9.0,Negligible,1
290719,0.48,0,404,4.0,Negligible,1
290716,0.09,0,2580,26.0,Negligible,1
290706,0.01,0,338,3.0,Negligible,1
290702,0.8,4,550,26.0,Negligible,1
290699,1.38,4,2621,46.0,Negligible,1
290688,1.33,8,3343,73.0,Negligible,1
290670,9.83,2,2367,34.0,Negligible,1
290664,6.8,4,1189,32.0,Negligible,1
290648,50.97,0,2286,23.0,Negligible,2
290627,2.65,1,104,6.0,Negligible,1
290611,0.63,1,298,8.0,Negligible,1
290608,59.31,0,2227,22.0,Negligible,2
290601,25.96,0,2387,24.0,Negligible,2
290573,0.47,1,494,10.0,Negligible,1
290566,26.01,0,2703,27.0,Negligible,2
290558,0.33,2,2400,34.0,Negligible,1
290557,3.88,3,1311,28.0,Negligible,1
290537,0.03,0,476,5.0,Negligible,1
290524,3.77,7,1210,47.0,Negligible,1
290520,20.86,2,574,16.0,Negligible,2
290507,2.39,0,309,3.0,Negligible,1
290504,0.67,1,172,7.0,Negligible,1
290502,1.93,7,863,44.0,Negligible,1
290501,3.81,0,2165,22.0,Negligible,1
290480,0.02,0,90,1.0,Negligible,1
290467,100.21,3,2550,40.0,Negligible,2
290459,22.13,0,1384,14.0,Negligible,2
290434,0.35,1,130,6.0,Negligible,1
290428,10.73,4,3437,54.0,Moderate,1
290414,0.09,6,1952,50.0,Negligible,1
290411,15.84,1,558,11.0,Negligible,2
290408,10.88,1,129,6.0,Negligible,1
290405,15.84,4,202,22.0,Moderate,2
290401,2.83,1,490,10.0,Negligible,1
290387,14.77,8,2515,65.0,Moderate,2
290380,59.81,1,232,7.0,Negligible,2
290378,2.26,0,267,3.0,Negligible,1
290373,3.1,1,3742,42.0,Negligible,1
290370,3.11,3,2113,36.0,Negligible,1
290357,2.53,8,243,42.0,Negligible,1
290352,0.37,1,2954,35.0,Negligible,1
290346,2.32,4,270,23.0,Negligible,1
290343,4.34,1,6763,73.0,Negligible,1
290329,0.08,1,1895,24.0,Negligible,1
290323,0.55,2,1985,30.0,Negligible,1
290300,0.93,2,372,14.0,Negligible,1
290288,0.59,2,455,15.0,Negligible,1
290284,0.02,0,260,3.0,Negligible,1
290280,0.01,0,223,2.0,Negligible,1
290274,36.19,1,6536,70.0,Negligible,2
290267,12.09,5,28341,100.0,Moderate,1
290255,80.52,3,2084,36.0,Negligible,2
290250,4.46,0,155,2.0,Negligible,1
290238,1.06,0,420,4.0,Negligible,1
290234,4.54,2,1246,22.0,Negligible,1
290223,2.35,2,1144,21.0,Negligible,1
290207,0.61,1,521,10.0,Negligible,1
290202,10.78,1,1341,18.0,Negligible,1
290177,0.78,3,1111,26.0,Negligible,1
290170,5.61,7,142,36.0,Negligible,1
290169,3.96,7,89,36.0,Negligible,1
290146,12.71,3,1592,31.0,Negligible,1
290049,0.22,3,1568,31.0,Negligible,1
290021,104.83,8,342,43.0,Moderate,2
290011,6.42,15,418,79.0,Negligible,1
289980,54.24,5,172,27.0,Moderate,2
289968,0.1,3,13077,100.0,Negligible,1
289962,16.31,6,432,34.0,Moderate,2
289955,0.31,1,310,8.0,Negligible,1
289954,0.15,1,135,6.0,Negligible,1
289945,0.39,2,166,12.0,Negligible,1
289925,0.17,0,1060,11.0,Negligible,1
289910,6.13,2,259,13.0,Negligible,1
289907,0.25,2,964,20.0,Negligible,1
289904,1.46,7,391,39.0,Negligible,1
289890,0.47,1,471,10.0,Negligible,1
289877,34.46,0,487,5.0,Negligible,2
289831,1.08,1,358,9.0,Negligible,1
289830,3.63,1,91,6.0,Negligible,1
289822,49.79,2,277,13.0,Negligible,2
289817,0.05,4,102,21.0,Negligible,1
289786,0.06,0,52,1.0,Negligible,1
289777,61.97,1,2362,29.0,Negligible,2
289753,7.42,4,3131,51.0,Moderate,1
289745,7.4,0,962,10.0,Negligible,1
289736,12.48,8,1849,58.0,Moderate,1
289733,0.05,0,1063,11.0,Negligible,1
289726,0.69,0,297,3.0,Negligible,1
289711,68.75,3,17255,100.0,Negligible,2
289708,0.2,0,261,3.0,Negligible,1
289703,7.74,3,270,18.0,Negligible,1
289688,1.19,5,195,27.0,Negligible,1
289678,84.02,0,2998,30.0,Negligible,2
289659,0.44,1,450,10.0,Negligible,1
289653,19.13,4,570,26.0,Moderate,2
289651,7.36,3,348,18.0,Negligible,1
289601,0.0,1,502,10.0,Negligible,1
289587,8.12,7,1599,51.0,Moderate,1
289575,8.56,2,2843,38.0,Negligible,1
289567,33.67,1,19337,100.0,Negligible,2
289529,0.42,3,1200,27.0,Negligible,1
289486,85.08,0,2335,23.0,Negligible,2
289485,0.15,1,362,9.0,Negligible,1
289480,0.59,18,1471,100.0,Negligible,1
289478,7.15,9,4539,90.0,Moderate,1
289406,0.23,1,144,6.0,Negligible,1
289402,0.3,0,545,5.0,Negligible,1
289396,8.9,1,129,6.0,Negligible,1
289386,0.22,0,2481,25.0,Negligible,1
289378,1.43,1,968,15.0,Negligible,1
289374,1.43,1,266,8.0,Negligible,1
289373,0.33,0,177,2.0,Negligible,1
289372,2.21,0,79,1.0,Negligible,1
289340,5.61,0,129,1.0,Negligible,1
289338,9.07,1,672,12.0,Negligible,1
289337,5.06,1,129,6.0,Negligible,1
289298,22.74,9,1806,63.0,Moderate,2
289282,0.74,0,808,8.0,Negligible,1
289268,3.98,1,4763,53.0,Negligible,1
289254,31.94,0,2499,25.0,Negligible,2
289237,3.07,1,251,8.0,Negligible,1
289187,2.18,2,1242,22.0,Negligible,1
289186,2.11,2,110,11.0,Negligible,1
289184,1.9,3,376,19.0,Negligible,1
289183,1.53,7,986,45.0,Negligible,1
289174,22.62,3,1330,28.0,Negligible,2
289169,0.01,1,156,7.0,Negligible,1
289145,6.3,0,375,4.0,Negligible,1
289143,7.91,0,131,1.0,Negligible,1
289141,2.09,2,132,11.0,Negligible,1
289140,12.79,4,341,23.0,Moderate,1
289138,10.25,5,676,32.0,Moderate,1
289075,9.45,3,2197,37.0,Negligible,1
289070,0.07,1,486,10.0,Negligible,1
289062,3.09,1,381,9.0,Negligible,1
289044,13.09,5,208,27.0,Moderate,1
289038,44.37,0,198,2.0,Negligible,2
288985,44.83,1,307,8.0,Negligible,2
288975,24.75,1,129,6.0,Negligible,2
288963,9.98,5,441,29.0,Moderate,1
288961,37.96,6,220,32.0,Moderate,2
288936,2.95,2,24,10.0,Negligible,1
288935,0.62,0,416,4.0,Negligible,1
288912,9.79,2,167,12.0,Negligible,1
288911,5.36,4,319,23.0,Negligible,1
288904,9.82,1,175,7.0,Negligible,1
288896,94.56,3,4344,58.0,Negligible,2
288886,10.95,2,1017,20.0,Negligible,1
288871,0.39,1,225,7.0,Negligible,1
288864,1.14,0,642,6.0,Negligible,1
288852,35.32,4,380,24.0,Moderate,2
288848,7.0,7,832,43.0,Negligible,1
288847,1.11,2,391,14.0,Negligible,1
288844,2.92,1,431,9.0,Negligible,1
288805,9.54,3,1211,27.0,Negligible,1
288802,1.74,0,0,0.0,Negligible,1
288781,3.94,3,711,22.0,Negligible,1
288775,0.97,1,301,8.0,Negligible,1
288709,1.43,2,223,12.0,Negligible,1
288701,89.28,0,443,4.0,Negligible,2
288693,12.12,0,550,6.0,Negligible,1
288691,15.11,1,132,6.0,Negligible,2
288685,68.06,1,5117,56.0,Negligible,2
288683,12.78,1,3821,43.0,Negligible,1
288659,7.06,2,444,14.0,Negligible,1
288643,1.58,0,191,2.0,Negligible,1
288634,40.08,2,277,13.0,Negligible,2
288630,40.11,0,358,4.0,Negligible,2
288589,12.15,2,304,13.0,Negligible,1
288573,4.49,4,161,22.0,Negligible,1
288560,6.47,2,130,11.0,Negligible,1
288559,37.04,0,302,3.0,Negligible,2
288530,11.4,4,3636,56.0,Moderate,1
288515,43.02,0,2143,21.0,Negligible,2
288508,13.94,9,1544,60.0,Moderate,1
288465,51.98,10,2533,75.0,Moderate,2
288463,26.05,7,1913,54.0,Moderate,2
288462,18.96,8,17,40.0,Moderate,2
288460,0.05,0,24,0.0,Negligible,1
288453,0.23,4,824,28.0,Negligible,1
288445,0.05,1,144,6.0,Negligible,1
288433,40.83,5,73,26.0,Moderate,2
288432,0.03,0,427,4.0,Negligible,1
288400,0.19,2,164,12.0,Negligible,1
288398,0.13,0,2770,28.0,Negligible,1
288369,3.72,0,117,1.0,Negligible,1
288366,41.22,2,299,13.0,Negligible,2
288363,32.55,3,335,18.0,Negligible,2
288361,40.09,11,586,61.0,Extreme,2
288357,0.47,0,345,3.0,Negligible,1
288352,5.22,5,132,26.0,Negligible,1
288345,13.58,3,57,16.0,Negligible,1
288339,13.98,4,130,21.0,Moderate,1
288325,0.51,1,173,7.0,Negligible,1
288322,6.61,1,186,7.0,Negligible,1
288303,12.5,0,1931,19.0,Negligible,1
288302,6.64,3,264,18.0,Negligible,1
288299,6.64,1,268,8.0,Negligible,1
288272,0.61,1,1594,21.0,Negligible,1
288263,0.23,0,179,2.0,Negligible,1
288261,3.57,2,851,19.0,Negligible,1
288260,0.65,3,195,17.0,Negligible,1
288253,14.16,4,336,23.0,Moderate,2
288247,86.29,0,2111,21.0,Negligible,2
288212,0.33,2,2020,30.0,Negligible,1
288206,70.22,3,515,20.0,Negligible,2
288202,3.48,2,1065,21.0,Negligible,1
288200,1.03,2,318,13.0,Negligible,1
288190,7.85,4,1050,30.0,Moderate,1
288184,0.85,1,1990,25.0,Negligible,1
288174,0.06,2,130,11.0,Negligible,1
288173,3.83,1,2067,26.0,Negligible,1
288172,11.19,4,283,23.0,Moderate,1
288171,0.53,0,1391,14.0,Negligible,1
288157,0.02,1,130,6.0,Negligible,1
288151,0.79,0,235,2.0,Negligible,1
288118,1.79,2,333,13.0,Negligible,1
288112,3.77,0,184,2.0,Negligible,1
288109,47.15,9,2467,70.0,Moderate,2
288082,1.37,1,130,6.0,Negligible,1
288069,53.04,1,979,15.0,Negligible,2
288031,7.07,2,637,16.0,Negligible,1
288029,0.28,1,240,7.0,Negligible,1
288028,12.26,2,274,13.0,Negligible,1
287961,13.47,2,309,13.0,Negligible,1
287949,1.92,3,2005,35.0,Negligible,1
287925,0.07,1,152,7.0,Negligible,1
287893,3.17,1,3255,38.0,Negligible,1
287861,1.52,1,264,8.0,Negligible,1
287780,5.15,0,960,10.0,Negligible,1
287747,11.94,1,260,8.0,Negligible,1
287741,0.46,1,3960,45.0,Negligible,1
287731,0.2,3,58,16.0,Negligible,1
287722,0.41,11,424,59.0,Negligible,1
287672,0.65,0,2360,24.0,Negligible,1
287642,16.06,3,355,19.0,Negligible,2
287632,34.59,3,307,18.0,Negligible,2
287607,0.04,1,122,6.0,Negligible,1
287603,0.0,0,499,5.0,Negligible,1
287542,0.02,0,147,1.0,Negligible,1
287540,0.23,0,419,4.0,Negligible,1
287509,0.1,4,670,27.0,Negligible,1
287245,16.08,5,527,30.0,Moderate,2
287226,2.08,0,2209,22.0,Negligible,1
287207,21.48,0,251,3.0,Negligible,2
287202,1.53,4,1820,38.0,Negligible,1
287194,73.23,3,156,17.0,Negligible,2
287174,0.21,0,578,6.0,Negligible,1
287171,8.51,1,1552,21.0,Negligible,1
287161,1.82,3,2016,35.0,Negligible,1
287156,1.08,1,0,5.0,Negligible,1
287072,10.57,0,1118,11.0,Negligible,1
287034,1.69,0,1974,20.0,Negligible,1
287017,8.63,8,1492,55.0,Moderate,1
287005,22.04,1,574,11.0,Negligible,2
286976,1.54,0,301,3.0,Negligible,1
286968,1.9,1,1136,16.0,Negligible,1
286950,2.25,14,918,79.0,Negligible,1
286917,9.84,5,1069,36.0,Moderate,1
286906,46.35,4,1489,35.0,Moderate,2
286870,4.45,13,2065,86.0,Negligible,1
286833,0.06,1,197,7.0,Negligible,1
286825,3.11,4,153,22.0,Negligible,1
286821,96.27,3,2142,36.0,Negligible,2
286820,20.11,4,1140,31.0,Moderate,2
286783,3.91,0,130,1.0,Negligible,1
286777,5.09,12,270,63.0,Negligible,1
286776,2.98,5,1783,43.0,Negligible,1
286771,2.72,0,137,1.0,Negligible,1
286768,0.02,0,243,2.0,Negligible,1
286766,76.65,1,272,8.0,Negligible,2
286752,19.03,2,357,14.0,Negligible,2
286751,13.14,0,1173,12.0,Negligible,1
286730,7.53,3,1232,27.0,Negligible,1
286731,0.13,1,2148,26.0,Negligible,1
286725,13.24,2,2463,35.0,Negligible,1
286709,3.23,2,1846,28.0,Negligible,1
286699,0.21,3,1667,32.0,Negligible,1
286696,24.06,2,1054,21.0,Negligible,2
286683,0.27,0,1941,19.0,Negligible,1
286680,0.26,0,2089,21.0,Negligible,1
286669,0.85,6,1357,44.0,Negligible,1
286664,9.51,1,370,9.0,Negligible,1
286660,1.8,2,1283,23.0,Negligible,1
286634,0.62,2,851,19.0,Negligible,1
286633,21.99,6,505,35.0,Moderate,2
286632,4.92,2,3773,48.0,Negligible,1
286631,0.64,2,750,18.0,Negligible,1
286594,0.08,0,212,2.0,Negligible,1
286587,0.11,0,296,3.0,Negligible,1
286583,0.07,0,197,2.0,Negligible,1
286569,0.02,1,259,8.0,Negligible,1
286531,2.26,1,903,14.0,Negligible,1
286526,0.1,2,138,11.0,Negligible,1
286517,0.08,0,129,1.0,Negligible,1
286506,0.21,1,273,8.0,Negligible,1
286498,18.79,8,153,42.0,Moderate,2
286449,8.85,8,498,45.0,Moderate,1
286429,22.5,1,276,8.0,Negligible,2
286427,1.0,1,247,7.0,Negligible,1
286420,0.61,0,244,2.0,Negligible,1
286408,22.71,3,283,18.0,Negligible,2
286405,19.74,2,430,14.0,Negligible,2
286373,27.17,6,257,33.0,Moderate,2
286353,16.38,3,666,22.0,Negligible,2
286336,0.25,7,2270,58.0,Negligible,1
286335,26.48,12,356,64.0,Moderate,2
286326,0.02,0,351,4.0,Negligible,1
286318,2.25,6,258,33.0,Negligible,1
286304,21.29,2,467,15.0,Negligible,2
286285,56.49,8,399,44.0,Moderate,2
286280,15.36,0,365,4.0,Negligible,2
286263,127.91,7,1945,54.0,Moderate,2
286241,97.83,1,1997,25.0,Negligible,2
286232,21.7,11,1811,73.0,Moderate,2
286214,1.87,5,253,28.0,Negligible,1
286166,0.78,0,210,2.0,Negligible,1
286165,20.06,5,701,32.0,Moderate,2
286155,3.58,0,847,8.0,Negligible,1
286154,7.96,2,571,16.0,Negligible,1
286150,52.0,6,4477,75.0,Moderate,2
286149,12.87,2,622,16.0,Negligible,1
286148,2.25,1,189,7.0,Negligible,1
286145,0.77,2,200,12.0,Negligible,1
286139,1.0,1,330,8.0,Negligible,1
286127,0.01,0,317,3.0,Negligible,1
286120,2.05,2,447,14.0,Negligible,1
286115,10.15,0,333,3.0,Negligible,1
286098,0.97,2,547,15.0,Negligible,1
286083,0.5,0,349,3.0,Negligible,1
286081,21.3,1,216,7.0,Negligible,2
286080,7.41,7,6510,100.0,Moderate,1
286067,1.22,0,273,3.0,Negligible,1
286066,2.45,5,598,31.0,Negligible,1
286065,2.21,2,284,13.0,Negligible,1
286064,0.2,0,262,3.0,Negligible,1
286056,1.67,0,734,7.0,Negligible,1
286050,17.7,16,748,87.0,Moderate,2
286014,98.82,9,1107,56.0,Moderate,2
286011,7.96,13,130,66.0,Moderate,1
286003,0.83,0,1110,11.0,Negligible,1
285997,0.02,1,9845,100.0,Negligible,1
285962,80.03,2,6119,71.0,Negligible,2
285927,4.44,12,1850,78.0,Negligible,1
285900,56.21,6,571,36.0,Moderate,2
285886,0.44,1,309,8.0,Negligible,1
285866,0.11,0,1913,19.0,Negligible,1
285862,0.12,0,1450,14.0,Negligible,1
285851,0.64,0,432,4.0,Negligible,1
285733,3.45,0,1265,13.0,Negligible,1
285714,0.85,1,540,10.0,Negligible,1
285703,101.73,1,1356,19.0,Negligible,2
285702,3.73,6,252,33.0,Negligible,1
285699,10.44,5,299,28.0,Moderate,1
285693,9.72,3,5607,71.0,Negligible,1
285574,4.15,0,454,5.0,Negligible,1
285527,9.24,0,1603,16.0,Negligible,1
285525,5.14,2,3671,47.0,Negligible,1
285520,33.05,2,343,13.0,Negligible,2
285518,1.83,0,47,0.0,Negligible,1
285514,7.64,2,2417,34.0,Negligible,1
285513,1.81,2,256,13.0,Negligible,1
285510,0.52,0,405,4.0,Negligible,1
285508,5.28,1,1686,22.0,Negligible,1
285505,0.09,0,390,4.0,Negligible,1
285499,5.36,1,3723,42.0,Negligible,1
285486,9.6,1,3611,41.0,Negligible,1
285474,48.34,4,1229,32.0,Moderate,2
285452,2.23,7,3337,68.0,Negligible,1
285446,0.08,1,402,9.0,Negligible,1
285435,65.24,20,745,100.0,Extreme,2
285434,15.17,5,202,27.0,Moderate,2
285409,6.01,0,2761,28.0,Negligible,1
285332,7.32,2,1564,26.0,Negligible,1
285297,122.27,5,9826,100.0,Moderate,2
285290,17.3,2,1944,29.0,Negligible,2
285284,88.26,0,2489,25.0,Negligible,2
285271,88.4,2,2941,39.0,Negligible,2
285265,2.74,3,18652,100.0,Negligible,1
285251,16.06,29,984,100.0,Moderate,2
285218,108.93,6,2518,55.0,Moderate,2
285173,8.3,5,2627,51.0,Moderate,1
285154,45.33,4,1205,32.0,Moderate,2
285113,32.91,6,2022,50.0,Moderate,2
285100,19.02,2,2385,34.0,Negligible,2
285080,7.25,4,9739,100.0,Moderate,1
285077,13.9,6,1630,46.0,Moderate,1
285058,7.51,3,12688,100.0,Negligible,1
285037,11.27,1,332,8.0,Negligible,1
285032,0.39,5,278,28.0,Negligible,1
285031,0.41,4,389,24.0,Negligible,1
284925,12.43,1,3065,36.0,Negligible,1
284906,15.38,3,1604,31.0,Negligible,2
284905,0.84,1,168,7.0,Negligible,1
284899,13.96,4,986,30.0,Moderate,1
284861,93.76,0,273,3.0,Negligible,2
284827,23.22,4,3141,51.0,Moderate,2
284810,10.24,1,159,7.0,Negligible,1
284800,30.29,4,5494,75.0,Moderate,2
284793,38.98,2,1193,22.0,Negligible,2
284762,34.57,7,6119,96.0,Moderate,2
284759,0.12,1,798,13.0,Negligible,1
284740,31.44,3,703,22.0,Negligible,2
284717,29.09,0,345,3.0,Negligible,2
284684,66.79,1,856,14.0,Negligible,2
284683,45.74,4,892,29.0,Moderate,2
284660,16.34,2,3094,41.0,Negligible,2
284641,32.96,3,351,19.0,Negligible,2
284625,15.76,4,6373,84.0,Moderate,2
284593,0.46,0,130,1.0,Negligible,1
284542,88.06,0,3421,34.0,Negligible,2
284539,102.71,1,5482,60.0,Negligible,2
284525,31.89,0,1545,15.0,Negligible,2
284524,0.27,0,192,2.0,Negligible,1
284513,0.45,2,7853,89.0,Negligible,1
284447,0.02,0,345,3.0,Negligible,1
284444,0.02,2,156,12.0,Negligible,1
284437,17.89,2,2127,31.0,Negligible,2
284431,90.94,11,18701,100.0,Extreme,2
284395,17.35,3,5364,69.0,Negligible,2
284346,25.46,3,2141,36.0,Negligible,2
284336,0.63,0,0,0.0,Negligible,1
284334,0.28,0,121,1.0,Negligible,1
284323,11.78,2,131,11.0,Negligible,1
284308,0.04,0,278,3.0,Negligible,1
284307,0.54,3,836,23.0,Negligible,1
284303,0.98,2,3832,48.0,Negligible,1
284293,0.18,2,990,20.0,Negligible,1
284291,0.03,1,0,5.0,Negligible,1
284290,18.52,3,1880,34.0,Negligible,2
284254,35.92,5,2161,47.0,Moderate,2
284237,0.58,6,750,38.0,Negligible,1
284228,34.03,5,1686,42.0,Moderate,2
284162,35.12,56,5347,100.0,Extreme,2
284157,119.15,2,20332,100.0,Negligible,2
284150,1.64,3,651,22.0,Negligible,1
284133,18.98,4,3077,51.0,Moderate,2
284129,28.55,12,3033,90.0,Moderate,2
284114,46.68,3,550,20.0,Negligible,2
284104,2.56,5,417,29.0,Negligible,1
284089,14.75,5,673,32.0,Moderate,2
284045,0.07,1,292,8.0,Negligible,1
284025,0.2,1,0,5.0,Negligible,1
284024,43.52,12,1306,73.0,Extreme,2
284020,0.21,2,0,10.0,Negligible,1
284011,0.07,1,193,7.0,Negligible,1
284010,0.26,5,365,29.0,Negligible,1
283988,0.04,1,198,7.0,Negligible,1
283972,12.34,2,1011,20.0,Negligible,1
283930,1.57,1,130,6.0,Negligible,1
283923,1.76,0,420,4.0,Negligible,1
283920,8.57,2,2402,34.0,Negligible,1
283908,24.05,3,2403,39.0,Negligible,2
283902,1.02,6,294,33.0,Negligible,1
283879,18.83,1,337,8.0,Negligible,2
283859,111.98,25,2368,100.0,Extreme,2
283858,24.05,0,1308,13.0,Negligible,2
283851,0.08,0,179,2.0,Negligible,1
283840,7.99,3,2745,42.0,Negligible,1
283806,64.37,2,1929,29.0,Negligible,2
283788,14.48,8,2108,61.0,Moderate,2
283778,2.88,8,614,46.0,Negligible,1
283776,24.46,5,0,25.0,Moderate,2
283769,20.41,1,2713,32.0,Negligible,2
283760,0.55,7,2086,56.0,Negligible,1
283717,24.78,1,161,7.0,Negligible,2
283708,0.81,6,1526,45.0,Negligible,1
283702,0.01,0,171,2.0,Negligible,1
283701,35.75,0,126,1.0,Negligible,2
283700,0.54,6,1961,50.0,Negligible,1
283698,19.55,4,1864,39.0,Moderate,2
283688,25.02,4,1456,35.0,Moderate,2
283644,0.15,0,0,0.0,Negligible,1
283613,0.81,3,535,20.0,Negligible,1
283593,38.88,2,13290,100.0,Negligible,2
283576,6.7,1,166,7.0,Negligible,1
283572,35.9,12,2664,87.0,Extreme,2
283550,45.2,1,320,8.0,Negligible,2
283549,21.51,1,10673,100.0,Negligible,2
283547,1.18,0,403,4.0,Negligible,1
283537,4.3,0,729,7.0,Negligible,1
283520,3.67,1,3353,39.0,Negligible,1
283519,0.11,2,130,11.0,Negligible,1
283517,14.11,1,1859,24.0,Negligible,2
283513,95.66,3,522,20.0,Negligible,2
283485,4.84,2,1380,24.0,Negligible,1
283481,1.79,0,111,1.0,Negligible,1
283479,14.56,2,3465,45.0,Negligible,2
283451,0.31,1,0,5.0,Negligible,1
283437,71.16,12,1999,80.0,Extreme,2
283425,4.92,5,414,29.0,Negligible,1
283404,12.32,3,2312,38.0,Negligible,1
283403,43.72,22,1011,100.0,Extreme,2
283395,0.09,0,190,2.0,Negligible,1
283391,0.11,1,2200,27.0,Negligible,1
283381,1.97,2,1166,22.0,Negligible,1
283356,25.09,20,2565,100.0,Moderate,2
283337,5.33,2,8503,95.0,Negligible,1
283326,3.48,3,153,17.0,Negligible,1
283316,117.99,22,1883,100.0,Extreme,2
283302,3.33,0,543,5.0,Negligible,1
283291,24.53,1,974,15.0,Negligible,2
283289,70.58,0,1352,14.0,Negligible,2
283288,70.58,0,1284,13.0,Negligible,2
283265,0.04,5,428,29.0,Negligible,1
283252,0.0,1,305,8.0,Negligible,1
283242,129.14,2,800,18.0,Negligible,2
283220,2.08,1,252,8.0,Negligible,1
283215,3.55,1,559,11.0,Negligible,1
283209,2.73,1,1144,16.0,Negligible,1
283190,23.89,1,7859,84.0,Negligible,2
283174,25.44,6,1489,45.0,Moderate,2
283166,25.77,3,303,18.0,Negligible,2
283127,10.64,5,4822,73.0,Moderate,1
283101,0.04,1,3891,44.0,Negligible,1
283094,0.04,3,2178,37.0,Negligible,1
283089,3.27,2,381,14.0,Negligible,1
283082,3.97,3,1955,35.0,Negligible,1
283071,7.34,1,242,7.0,Negligible,1
283050,0.41,0,600,6.0,Negligible,1
283049,4.82,1,1257,18.0,Negligible,1
283048,71.33,2,1273,23.0,Negligible,2
283044,66.91,2,2703,37.0,Negligible,2
283043,31.91,3,942,24.0,Negligible,2
283038,13.92,3,2850,44.0,Negligible,1
283035,30.93,1,2386,29.0,Negligible,2
283033,4.36,3,2165,37.0,Negligible,1
283017,3.13,2,209,12.0,Negligible,1
282973,24.0,0,279,3.0,Negligible,2
282955,4.41,3,8350,98.0,Negligible,1
282908,8.43,2,2887,39.0,Negligible,1
282905,0.65,0,35,0.0,Negligible,1
282904,104.64,8,1437,54.0,Moderate,2
282895,5.89,4,2760,48.0,Negligible,1
282893,30.03,1,628,11.0,Negligible,2
282892,0.48,1,464,10.0,Negligible,1
282884,5.98,2,1202,22.0,Negligible,1
282819,40.74,2,130,11.0,Negligible,2
282812,5.81,3,3113,46.0,Negligible,1
282809,0.33,3,1305,28.0,Negligible,1
282807,6.38,1,2499,30.0,Negligible,1
282802,7.13,2,1712,27.0,Negligible,1
282777,1.24,15,3165,100.0,Negligible,1
282756,4.01,0,2080,21.0,Negligible,1
282735,0.04,0,61,1.0,Negligible,1
282724,39.19,0,2505,25.0,Negligible,2
282709,5.22,0,375,4.0,Negligible,1
282683,25.52,3,362,19.0,Negligible,2
282676,25.47,12,3031,90.0,Moderate,2
282674,5.23,3,483,20.0,Negligible,1
282663,24.96,4,1721,37.0,Moderate,2
282655,6.62,2,283,13.0,Negligible,1
282653,0.62,7,1688,52.0,Negligible,1
282635,26.68,5,1723,42.0,Moderate,2
282627,84.04,2,4526,55.0,Negligible,2
282659,57.48,3,4526,60.0,Negligible,2
282622,1.06,0,1263,13.0,Negligible,1
282621,0.41,4,3510,55.0,Negligible,1
282620,69.35,3,1702,32.0,Negligible,2
282619,0.98,3,3026,45.0,Negligible,1
282607,0.28,3,3095,46.0,Negligible,1
282594,4.95,0,0,0.0,Negligible,1
282593,1.88,1,247,7.0,Negligible,1
282581,7.84,1,1572,21.0,Negligible,1
282567,1.83,8,8689,100.0,Negligible,1
282566,4.59,3,1913,34.0,Negligible,1
282564,35.78,1,1206,17.0,Negligible,2
282553,8.4,1,1330,18.0,Negligible,1
282550,8.24,0,1387,14.0,Negligible,1
282536,7.38,10,237,52.0,Moderate,1
282535,0.88,1,172,7.0,Negligible,1
282531,5.18,1,239,7.0,Negligible,1
282527,0.8,0,244,2.0,Negligible,1
282518,1.34,2,374,14.0,Negligible,1
282509,39.24,1,2124,26.0,Negligible,2
282498,3.13,2,292,13.0,Negligible,1
282497,15.86,3,2357,39.0,Negligible,2
282491,21.44,15,2716,100.0,Moderate,2
282474,0.15,2,820,18.0,Negligible,1
282463,8.97,5,2002,45.0,Moderate,1
282462,6.16,2,372,14.0,Negligible,1
282461,0.13,2,339,13.0,Negligible,1
282458,21.53,4,204,22.0,Moderate,2
282450,26.29,3,260,18.0,Negligible,2
282449,9.33,5,2409,49.0,Moderate,1
282447,0.02,0,1208,12.0,Negligible,1
282438,43.54,7,582,41.0,Moderate,2
282429,5.29,1,79,6.0,Negligible,1
282425,35.48,2,2450,34.0,Negligible,2
282424,5.32,0,130,1.0,Negligible,1
282406,5.03,0,263,3.0,Negligible,1
282401,5.71,1,1421,19.0,Negligible,1
282398,36.52,6,926,39.0,Moderate,2
282349,0.02,1,194,7.0,Negligible,1
282343,51.45,4,295,23.0,Moderate,2
282330,6.9,3,1354,29.0,Negligible,1
282327,36.93,1,1141,16.0,Negligible,2
282312,105.92,4,3577,56.0,Moderate,2
282310,6.95,3,496,20.0,Negligible,1
282294,0.11,1,985,15.0,Negligible,1
282290,76.13,20,2145,100.0,Extreme,2
282267,0.18,0,629,6.0,Negligible,1
282264,0.55,0,846,8.0,Negligible,1
282254,10.08,4,7403,94.0,Moderate,1
282240,70.42,10,1255,63.0,Moderate,2
282239,2.36,0,250,2.0,Negligible,1
282236,40.1,6,267,33.0,Moderate,2
282222,0.0,1,80,6.0,Negligible,1
282219,7.89,2,2019,30.0,Negligible,1
282217,0.54,1,233,7.0,Negligible,1
282216,7.9,2,2731,37.0,Negligible,1
282198,6.43,1,265,8.0,Negligible,1
282190,9.03,6,302,33.0,Moderate,1
282169,7.45,6,1463,45.0,Moderate,1
282144,6.44,1,384,9.0,Negligible,1
282143,0.78,1,1193,17.0,Negligible,1
282140,0.98,1,1152,17.0,Negligible,1
282133,0.94,1,1964,25.0,Negligible,1
282128,7.66,1,265,8.0,Negligible,1
282119,0.21,0,606,6.0,Negligible,1
282118,30.78,4,911,29.0,Moderate,2
282117,35.97,2,850,18.0,Negligible,2
282114,44.87,0,606,6.0,Negligible,2
282113,6.76,1,1103,16.0,Negligible,1
282107,44.89,0,3333,33.0,Negligible,2
282101,0.02,0,691,7.0,Negligible,1
282083,1.11,2,3410,44.0,Negligible,1
282082,0.65,1,0,5.0,Negligible,1
282081,142.38,3,2050,36.0,Negligible,2
282066,32.21,5,2488,50.0,Moderate,2
282064,0.82,0,135,1.0,Negligible,1
282052,0.43,1,1183,17.0,Negligible,1
282035,0.17,0,309,3.0,Negligible,1
282021,0.02,1,66,6.0,Negligible,1
282020,52.03,11,1300,68.0,Extreme,2
282008,2.86,1,186,7.0,Negligible,1
282007,45.91,3,841,23.0,Negligible,2
282003,0.5,1,307,8.0,Negligible,1
281998,7.9,4,1206,32.0,Moderate,1
281997,1.68,1,242,7.0,Negligible,1
281994,3.11,7,5377,89.0,Negligible,1
281993,0.72,1,45,5.0,Negligible,1
281989,0.73,0,230,2.0,Negligible,1
281986,0.73,1,76,6.0,Negligible,1
281973,0.98,0,1107,11.0,Negligible,1
281951,60.15,5,1947,44.0,Moderate,2
281947,0.11,0,0,0.0,Negligible,1
281928,4.88,1,347,8.0,Negligible,1
281926,59.61,9,447,49.0,Moderate,2
281924,9.8,2,278,13.0,Negligible,1
281923,7.18,10,324,53.0,Moderate,1
281920,1.09,0,474,5.0,Negligible,1
281919,0.58,1,198,7.0,Negligible,1
281915,0.46,2,530,15.0,Negligible,1
281906,9.04,2,903,19.0,Negligible,1
281894,3.09,4,244,22.0,Negligible,1
281891,77.99,10,691,57.0,Moderate,2
281880,16.12,2,1866,29.0,Negligible,2
281879,113.79,2,2439,34.0,Negligible,2
281878,8.32,3,1425,29.0,Negligible,1
281857,32.21,0,351,4.0,Negligible,2
281844,0.77,3,639,21.0,Negligible,1
281831,11.84,6,4090,71.0,Moderate,1
281829,1.14,0,313,3.0,Negligible,1
281823,0.91,5,1204,37.0,Negligible,1
281822,1.8,3,1234,27.0,Negligible,1
281816,0.48,1,534,10.0,Negligible,1
281779,26.18,7,2021,55.0,Moderate,2
281772,1.15,1,697,12.0,Negligible,1
281758,2.96,2,188,12.0,Negligible,1
281754,3.12,7,31,35.0,Negligible,1
281752,0.26,2,240,12.0,Negligible,1
281744,9.78,1,5848,63.0,Negligible,1
281736,10.48,8,1668,57.0,Moderate,1
281734,23.26,2,723,17.0,Negligible,2
281766,79.28,30,1641,100.0,Extreme,2
281689,4.22,3,2477,40.0,Negligible,1
281681,0.51,0,29,0.0,Negligible,1
281653,5.94,2,1759,28.0,Negligible,1
281650,39.05,4,912,29.0,Moderate,2
281642,2.79,1,511,10.0,Negligible,1
281636,2.86,1,0,5.0,Negligible,1
281633,88.87,2,202,12.0,Negligible,2
281632,5.57,5,1295,38.0,Negligible,1
281630,4.12,0,1495,15.0,Negligible,1
281622,13.52,6,4908,79.0,Moderate,1
281614,0.01,1,134,6.0,Negligible,1
281606,12.0,4,692,27.0,Moderate,1
281605,2.12,1,688,12.0,Negligible,1
281604,33.98,4,1136,31.0,Moderate,2
281596,3.07,8,881,49.0,Negligible,1
281595,11.93,4,245,22.0,Moderate,1
281591,0.13,0,184,2.0,Negligible,1
281586,3.73,1,153,7.0,Negligible,1
281585,0.74,1,812,13.0,Negligible,1
281584,19.67,5,1405,39.0,Moderate,2
281580,3.79,5,412,29.0,Negligible,1
281579,2.89,5,574,31.0,Negligible,1
281574,13.13,0,533,5.0,Negligible,1
281573,3.9,1,410,9.0,Negligible,1
281570,3.99,2,303,13.0,Negligible,1
281569,4.0,7,369,39.0,Negligible,1
281567,12.74,4,607,26.0,Moderate,1
281565,34.09,1,345,8.0,Negligible,2
281560,0.02,0,139,1.0,Negligible,1
281556,12.77,2,289,13.0,Negligible,1
281555,11.13,2,520,15.0,Negligible,1
281552,6.11,5,2291,48.0,Negligible,1
281540,0.05,3,1259,28.0,Negligible,1
281527,11.21,3,208,17.0,Negligible,1
281520,9.64,0,1503,15.0,Negligible,1
281517,3.13,4,357,24.0,Negligible,1
281516,32.8,3,408,19.0,Negligible,2
281509,3.14,1,0,5.0,Negligible,1
281498,2.98,1,110,6.0,Negligible,1
281494,3.0,1,114,6.0,Negligible,1
281492,3.01,1,91,6.0,Negligible,1
281488,42.02,4,2349,43.0,Moderate,2
281477,7.27,0,355,4.0,Negligible,1
281473,3.1,1,716,12.0,Negligible,1
281472,7.01,4,310,23.0,Moderate,1
281469,10.03,6,187,32.0,Moderate,1
281448,0.36,4,1410,34.0,Negligible,1
281441,0.08,1,665,12.0,Negligible,1
281439,0.43,0,986,10.0,Negligible,1
281437,3.87,2,604,16.0,Negligible,1
281436,1.04,4,231,22.0,Negligible,1
281435,55.79,2,362,14.0,Negligible,2
281419,0.21,2,2811,38.0,Negligible,1
281414,6.47,6,314,33.0,Negligible,1
281409,5.95,1,1260,18.0,Negligible,1
281407,10.92,1,232,7.0,Negligible,1
281405,25.44,11,522,60.0,Moderate,2
281395,0.04,0,70,1.0,Negligible,1
281390,5.99,1,1934,24.0,Negligible,1
281372,3.34,1,583,11.0,Negligible,1
281368,13.1,2,709,17.0,Negligible,1
281367,0.07,1,992,15.0,Negligible,1
281362,1.01,7,726,42.0,Negligible,1
281355,0.74,0,1294,13.0,Negligible,1
281350,0.02,0,251,3.0,Negligible,1
281348,56.61,2,982,20.0,Negligible,2
281347,1.96,8,763,48.0,Negligible,1
281343,57.06,7,555,41.0,Moderate,2
281342,5.66,5,850,34.0,Negligible,1
281341,0.26,1,1224,17.0,Negligible,1
281338,0.6,2,1198,22.0,Negligible,1
281337,56.11,1,74,6.0,Negligible,2
281334,5.66,0,130,1.0,Negligible,1
281331,5.77,6,632,36.0,Negligible,1
281330,5.66,2,131,11.0,Negligible,1
281321,56.68,2,1155,22.0,Negligible,2
281319,9.35,5,1290,38.0,Moderate,1
281315,5.83,8,795,48.0,Negligible,1
281310,20.71,3,2265,38.0,Negligible,2
281304,0.01,0,82,1.0,Negligible,1
281296,32.27,4,345,23.0,Moderate,2
281294,8.74,5,3245,57.0,Moderate,1
281293,0.04,2,3782,48.0,Negligible,1
281291,0.06,0,232,2.0,Negligible,1
281276,4.74,8,4316,83.0,Negligible,1
281274,0.07,4,145,21.0,Negligible,1
281270,0.11,1,180,7.0,Negligible,1
281267,1.4,2,195,12.0,Negligible,1
281263,13.82,2,5864,69.0,Negligible,1
281247,6.18,4,4278,63.0,Negligible,1
281216,0.55,1,210,7.0,Negligible,1
281211,4.54,8,195,42.0,Negligible,1
281202,89.94,1,1118,16.0,Negligible,2
281201,4.35,4,400,24.0,Negligible,1
281190,0.51,2,101,11.0,Negligible,1
281185,0.41,4,376,24.0,Negligible,1
281181,6.4,4,483,25.0,Negligible,1
281176,1.31,2,3840,48.0,Negligible,1
281168,0.65,3,370,19.0,Negligible,1
281164,7.7,3,1533,30.0,Negligible,1
281160,1.39,3,294,18.0,Negligible,1
281157,1.83,0,208,2.0,Negligible,1
281153,1.38,0,453,5.0,Negligible,1
281149,0.89,3,382,19.0,Negligible,1
281148,1.39,1,1172,17.0,Negligible,1
281147,0.92,2,1538,25.0,Negligible,1
281146,12.05,3,1341,28.0,Negligible,1
281144,0.48,1,1505,20.0,Negligible,1
281140,0.76,7,544,40.0,Negligible,1
281102,0.07,1,130,6.0,Negligible,1
281101,32.7,5,1469,40.0,Moderate,2
281100,0.08,3,79,16.0,Negligible,1
281094,0.27,1,307,8.0,Negligible,1
281091,109.98,0,100,1.0,Negligible,2
281090,0.03,0,242,2.0,Negligible,1
281085,0.02,0,363,4.0,Negligible,1
281084,0.89,10,305,53.0,Negligible,1
281081,12.05,4,528,25.0,Moderate,1
281077,4.81,8,2000,60.0,Negligible,1
281072,0.02,0,113,1.0,Negligible,1
281067,0.5,0,296,3.0,Negligible,1
281064,0.04,0,460,5.0,Negligible,1
281056,0.0,0,130,1.0,Negligible,1
281053,9.45,0,212,2.0,Negligible,1
281041,4.63,2,360,14.0,Negligible,1
281024,132.04,3,365,19.0,Negligible,2
281011,12.18,3,3399,49.0,Negligible,1
281004,0.03,6,218,32.0,Negligible,1
280993,13.15,4,1845,38.0,Moderate,1
